이름,국가,키(cm),개인기,골결,드리블,중거리,크로스,패스,헤더,몸싸움,가속도,주력,점프거리,균형감각,일대일 마크,태클,수비위치선정,예측력
Melvin Feycal MASTIL,Algeria,194,7,3,3,3,3,12,2,15,5,6,15,12,3,1,12,13
Aissa MANDI,Algeria,184,12,5,11,5,13,14,12,14,12,12,13,14,13,13,14,13
Achref ABADA,Algeria,187,8,4,5,5,4,9,15,8,11,13,15,10,10,12,10,12
Mohamed Amine TOUGAI,Algeria,191,12,8,9,8,7,12,14,13,13,12,14,12,12,14,14,14
Zineddine BELAÏD,Algeria,186,11,8,7,6,7,12,13,13,12,13,15,13,12,14,13,12
Ramiz Larbi ZERROUKI,Algeria,183,14,7,12,12,11,14,11,12,10,11,11,13,14,12,14,12
Riyad Karim MAHREZ,Algeria,179,19,14,17,13,16,17,7,9,13,11,9,15,5,6,6,14
Houssem-Eddine Chaabane AOUAR,Algeria,175,17,13,16,11,11,16,8,9,14,11,8,15,8,8,9,15
Amine Ferid GHOUIRI,Algeria,181,15,15,15,15,12,13,11,13,15,14,13,14,4,4,8,14
Fares CHAIBI,Algeria,183,16,8,13,11,12,14,8,11,13,13,10,12,8,10,9,12
Anis HADJ MOUSSA,Algeria,176,15,8,17,9,14,13,7,8,16,14,8,13,3,7,4,12
Ahmed Nadhir BENBOUALI,Algeria,190,13,13,12,10,7,11,14,12,12,13,15,12,6,7,10,12
Jaouen Djimmy HADJAM,Algeria,184,14,7,13,9,13,13,9,13,14,13,11,13,11,12,9,12
Hicham BOUDAOUI,Algeria,175,15,14,13,10,11,14,8,11,13,13,8,13,13,14,14,12
Rayan AÏT-NOURI,Algeria,180,15,10,17,9,14,13,11,11,14,15,10,13,12,15,14,13
Oussama BENBOT,Algeria,188,1,1,1,1,1,7,1,4,10,10,15,9,3,1,12,8
Rak BELGHALI,Algeria,180,11,8,12,7,12,12,10,13,13,14,10,11,12,12,10,11
Mohammed Elamine AMOURA,Algeria,170,14,14,14,12,10,12,15,9,18,17,12,12,6,7,6,13
Nabil BENTALEB,Algeria,187,15,10,13,13,11,15,8,12,12,11,14,15,13,15,14,13
Adil BOULBINA,Algeria,183,13,12,14,13,12,11,7,8,15,14,9,12,5,6,6,12
Amir Selmane Rami BENSEBAINI,Algeria,187,14,10,12,10,12,13,16,14,13,14,15,15,13,15,13,13
Ibrahim MAZA,Algeria,180,16,10,16,13,11,13,8,8,13,14,8,12,7,11,8,11
Luca Zinedine ZIDANE,Algeria,183,14,7,7,2,8,15,8,12,15,14,12,11,1,5,12,11
Yassine M E G TITRAOUI,Algeria,180,14,9,12,9,11,13,7,10,12,12,8,13,10,11,12,13
Fares GHEDJEMIS,Algeria,183,13,10,14,9,12,12,10,10,13,13,11,12,4,5,8,12
Samir Sophian CHERGUI,Algeria,185,12,9,12,10,13,14,13,13,13,12,12,12,13,12,13,14
Juan Agustín MUSSO,Argentina,193,7,3,1,2,1,8,5,12,13,12,14,14,1,2,15,12
Marcos Nicolás SENESI BARON,Argentina,185,14,8,10,7,10,15,15,12,14,12,15,14,15,14,14,14
Nicolás Alejandro TAGLIAFICO,Argentina,170,12,7,11,9,12,13,15,13,11,11,13,14,15,16,14,14
Gonzalo Ariel MONTIEL,Argentina,175,10,6,8,5,13,12,12,13,14,14,9,14,13,14,14,14
Leandro Daniel PAREDES,Argentina,182,16,12,12,14,13,16,8,11,12,10,9,12,10,15,15,14
Lisandro MARTÍNEZ,Argentina,175,15,7,9,6,9,15,13,15,12,12,12,14,16,16,16,16
Rodrigo Javier DE PAUL,Argentina,180,15,14,16,15,15,16,8,13,15,14,9,14,10,12,10,15
Valentin BARCO,Argentina,170,15,8,15,13,15,13,3,6,13,13,7,13,10,12,12,11
Julián ÁLVAREZ,Argentina,170,15,16,15,16,13,15,11,12,16,14,7,13,7,9,8,16
Lionel Andrés MESSI,Argentina,170,20,17,20,16,16,19,10,9,13,10,6,18,4,7,5,17
Giovani LO CELSO,Argentina,177,17,12,15,13,12,17,10,11,13,12,8,15,9,11,12,13
Geronimo RULLI,Argentina,189,13,3,3,1,1,13,5,12,11,10,14,9,2,2,13,13
Cristian Gabriel ROMERO,Argentina,185,14,8,9,5,6,14,15,15,14,14,14,14,14,18,16,18
Exequiel Alejandro PALACIOS,Argentina,177,16,10,13,12,10,17,8,13,12,13,8,14,12,16,14,16
Nicolas Ivan GONZALEZ,Argentina,180,15,15,15,14,14,14,16,11,15,16,14,13,5,7,6,13
Thiago Ezequiel ALMADA,Argentina,170,16,12,16,14,12,15,4,8,14,13,5,15,7,7,8,14
Giuliano SIMEONE,Argentina,173,12,14,12,10,12,12,10,13,15,16,10,13,9,12,7,13
Nicolas PAZ MARTÍNEZ,Argentina,185,17,13,17,14,12,16,7,9,14,13,8,12,5,9,6,14
Nicolas Hernan Gonzalo OTAMENDI,Argentina,183,12,10,11,6,9,13,17,15,8,8,14,16,18,16,13,18
Alexis MAC ALLISTER,Argentina,176,16,12,13,13,13,16,9,12,13,12,8,14,10,14,14,17
Jose Manuel Alberto LOPEZ,Argentina,190,13,14,12,9,11,12,15,13,12,12,16,14,8,9,8,13
Lautaro Javier MARTÍNEZ,Argentina,174,16,17,14,15,8,12,16,13,15,15,11,14,5,8,7,15
Damián Emiliano MARTÍNEZ,Argentina,195,11,1,3,3,2,12,5,12,10,10,15,13,1,3,12,15
Enzo Jeremías FERNÁNDEZ,Argentina,178,16,14,13,16,13,17,12,13,12,12,10,16,10,14,10,14
Facundo Axel MEDINA,Argentina,184,14,11,13,8,14,14,13,14,13,14,14,14,14,13,14,13
Nahuel MOLINA LUCERO,Argentina,175,14,11,13,12,14,14,8,12,15,15,8,12,12,13,12,13
Mathew David RYAN,Australia,184,13,2,2,3,1,12,6,12,9,10,12,10,3,2,15,13
Milos DEGENEK,Australia,187,9,5,5,5,8,10,14,13,11,11,14,13,14,13,13,14
Alessandro CIRCATI,Australia,190,10,7,9,8,9,12,15,14,13,13,14,13,14,14,14,14
Jacob Michael ITALIANO,Australia,177,13,8,13,10,10,12,6,7,13,14,9,8,9,10,9,9
Jordan Jacob BOS,Australia,183,11,10,12,11,13,11,11,12,13,13,10,13,12,13,12,11
Jason Kato GERIA,Australia,184,9,4,11,3,10,10,11,14,15,14,12,13,11,13,14,13
Mathew Allan LECKIE,Australia,181,11,11,13,11,10,10,15,13,13,17,14,14,6,8,7,9
Connor Isaac METCALFE,Australia,183,13,10,12,11,11,13,7,11,12,14,9,11,9,11,10,11
Mohamed A TOURE,Australia,186,12,11,12,10,10,10,10,13,16,16,13,11,4,4,3,11
Ajdin HRUSTIC,Australia,180,14,8,14,14,10,13,10,11,11,11,12,12,7,6,8,11
Awer Bul MABIL,Australia,178,13,10,13,10,11,11,6,7,17,16,8,13,4,4,6,11
Paul David IZZO,Australia,185,9,3,3,2,3,10,3,12,9,9,12,12,2,2,13,11
Aiden Connor O'NEILL,Australia,178,13,11,10,9,11,12,10,12,11,12,11,12,11,12,12,13
Cameron Peter DEVLIN,Australia,171,10,6,7,8,6,11,8,11,12,12,8,11,12,15,13,15
Kai Clifton TREWIN,Australia,183,8,7,9,7,8,11,10,10,11,10,10,11,12,14,10,12
Aziz BEHICH,Australia,170,12,7,13,6,13,11,5,11,14,12,7,11,9,10,8,12
Nestory IRANKUNDA,Australia,175,11,8,13,13,9,8,7,11,17,18,8,12,3,4,3,8
Patrick Thomas BEACH,Australia,190,11,9,14,9,14,13,9,11,12,13,9,10,14,15,13,12
Harry James SOUTTAR,Australia,198,10,5,7,4,3,12,16,15,7,10,20,13,14,14,12,12
Cristian VOLPATO,Australia,187,15,13,14,13,12,15,7,11,13,13,10,13,4,4,4,13
Cameron Robert BURGESS,Australia,194,12,6,8,6,5,12,16,15,8,11,16,11,13,14,15,14
Jackson Alexander IRVINE,Australia,189,11,10,11,10,8,12,16,13,11,12,16,14,12,13,12,15
Nishan Matthew VELUPILLAY,Australia,181,10,13,13,12,15,9,5,7,12,14,9,9,4,4,10,11
Paul Michael Junior OKON-ENGSTLER,Australia,186,13,7,10,6,10,12,10,11,12,12,10,11,11,12,13,11
Lucas HERRINGTON,Australia,192,10,6,9,5,7,10,11,11,11,12,14,10,11,12,10,16
Tete Owen YENGI,Australia,197,11,10,8,8,6,9,12,13,9,11,17,13,8,8,8,13
Alexander SCHLAGER,Austria,188,5,2,6,8,4,8,7,13,12,10,13,14,6,3,13,10
David Leopold AFFENGRUBER,Austria,185,13,5,8,8,6,12,14,14,12,14,14,15,14,13,16,13
Kevin DANSO,Austria,190,10,10,8,7,7,13,15,15,14,16,17,14,14,13,15,14
Xaver SCHLAGER,Austria,174,13,8,12,12,8,15,8,15,12,13,9,15,13,16,14,15
Stefan POSCH,Austria,190,13,9,12,10,12,14,14,15,12,14,14,17,13,15,14,14
Nicolas SEIWALD,Austria,180,12,7,11,12,11,13,11,13,12,14,12,13,12,16,13,16
Marko ARNAUTOVIC,Austria,192,16,14,14,14,11,15,14,17,11,12,14,16,5,7,7,9
David ALABA,Austria,180,15,10,12,14,12,16,13,13,14,14,11,14,14,13,15,14
Marcel SABITZER,Austria,178,13,11,12,16,12,14,10,12,12,13,10,12,12,12,12,13
Florian GRILLITSCH,Austria,187,15,7,13,11,10,15,12,12,11,13,13,15,12,13,14,16
Michael GREGORITSCH,Austria,193,12,13,11,12,9,12,15,15,10,12,16,16,7,8,8,14
Florian WIEGELE,Austria,205,4,1,2,9,2,5,8,16,8,12,18,15,3,5,13,11
Patrick PENTZ,Austria,183,9,4,6,6,4,11,5,11,9,10,11,11,5,8,15,12
Saša KALAJDŽIĆ,Austria,200,14,13,12,9,8,14,17,15,10,10,19,16,7,7,7,13
Philipp LIENHART,Austria,189,12,6,11,6,8,13,16,14,12,14,16,15,14,13,15,15
Phillip MWENE,Austria,170,12,7,12,10,13,10,7,10,15,14,6,12,10,12,10,11
Carney Chibueze CHUKWUEMEKA,Austria,187,17,10,15,12,9,13,11,12,15,14,13,12,9,11,10,12
Romano SCHMID,Austria,168,16,8,15,11,12,14,10,10,14,14,7,12,9,10,9,13
Dejan LJUBIČIĆ,Austria,187,13,10,13,12,12,13,12,12,13,15,13,12,12,12,12,11
Konrad LAIMER,Austria,180,12,8,12,12,11,13,8,13,14,15,10,12,12,17,12,13
Patrick WIMMER,Austria,182,13,10,15,11,11,12,10,11,15,15,12,11,8,11,8,11
Alexander PRASS,Austria,180,11,8,13,11,12,12,8,12,14,14,9,12,10,12,10,11
Marco FRIEDL,Austria,187,13,7,11,7,12,13,13,14,12,14,14,14,13,16,13,14
Paul WANNER,Austria,185,16,10,15,12,10,13,9,8,13,13,12,12,7,9,7,10
Michael SVOBODA,Austria,195,9,6,10,4,3,11,15,15,12,13,15,14,14,14,13,13
Alessandro Andre SCHÖPF,Austria,178,13,8,13,12,12,13,8,9,12,12,8,11,9,10,9,13
Thibaut Nicolas M COURTOIS,Belgium,200,12,1,10,1,2,13,10,14,12,11,18,14,2,3,16,15
Zeno Koen DEBAST,Belgium,191,14,7,10,12,12,16,14,12,14,15,17,11,14,12,13,12
Arthur Nicolas R THEATE,Belgium,185,13,7,12,13,11,15,15,15,13,13,15,15,14,14,14,16
Brandon Erik MECHELE,Belgium,190,10,8,7,11,7,10,13,12,10,11,15,13,15,14,14,12
Maxim Peter M DE CUYPER,Belgium,182,14,11,11,12,14,14,11,10,14,14,12,11,11,14,11,11
Axel Laurent A WITSEL,Belgium,186,15,9,13,11,9,15,13,14,9,9,14,16,13,13,12,18
Kevin DE BRUYNE,Belgium,181,18,16,15,17,19,19,6,13,12,12,10,14,9,9,10,14
Youri Marion A TIELEMANS,Belgium,176,17,12,13,14,13,18,10,10,12,12,8,12,11,12,13,15
Romelu LUKAKU BOLINGOLI,Belgium,191,13,16,13,14,10,13,15,20,15,15,16,20,5,9,7,15
Leandro TROSSARD,Belgium,172,16,14,15,13,12,14,6,9,16,14,6,13,6,4,9,14
Jeremy Baffour DOKU,Belgium,173,15,11,17,8,12,14,5,13,18,16,8,13,5,7,8,11
Senne LAMMENS,Belgium,193,12,2,2,1,2,14,12,11,11,11,14,10,7,13,13,13
Mike Louis PENDERS,Belgium,200,11,2,2,3,3,13,12,11,9,10,12,12,1,3,12,12
Dodi LUKEBAKIO NGANDOLI,Belgium,187,15,14,18,14,14,12,10,15,16,16,13,12,2,3,6,13
Thomas Andre A MEUNIER,Belgium,191,12,9,11,10,14,12,12,16,12,13,14,15,10,13,11,13
Koni DE WINTER,Belgium,191,11,8,13,9,12,12,15,14,13,14,15,14,15,14,14,14
Charles Marc S DE KETELAERE,Belgium,193,16,14,15,13,13,15,14,14,13,14,15,15,5,10,10,14
Joaquin Ronny SEYS,Belgium,178,11,11,10,7,11,12,10,11,12,13,10,13,12,13,11,12
Diego Manuel J DA SILVA MOREIRA,Belgium,179,14,10,15,9,12,12,5,10,16,17,7,10,8,7,7,10
Hans VANAKEN,Belgium,195,13,14,10,13,11,14,15,13,9,11,13,12,8,8,13,14
Timothy CASTAGNE,Belgium,185,13,10,12,8,14,13,9,11,14,14,13,13,11,12,12,12
Alexis Jesse M SAELEMAEKERS,Belgium,180,15,11,14,13,14,15,9,8,14,14,10,13,9,13,11,13
Nicolas Thierry Y RASKIN,Belgium,179,14,9,14,11,12,14,6,13,14,13,9,12,11,15,8,15
Amadou Ba Z MVOM ONANA,Belgium,195,14,10,14,10,9,14,16,15,13,17,16,15,12,15,14,12
Nathan NGOY,Belgium,183,14,11,12,12,4,13,14,16,13,14,11,13,14,12,13,14
Matias FERNANDEZ-PARDO,Belgium,183,13,15,14,12,11,12,8,11,17,18,7,12,7,5,4,14
Nikola VASILJ,Bosnia And Herzegovina,193,9,2,2,2,3,11,6,14,8,9,16,12,1,2,14,13
Nihad MUJAKIĆ,Bosnia And Herzegovina,189,9,5,9,7,8,10,13,14,11,15,14,11,14,14,12,12
Dennis HADŽIKADUNIĆ,Bosnia And Herzegovina,190,11,6,10,6,6,12,13,14,11,13,16,13,14,13,13,13
Tarik MUHAREMOVIĆ,Bosnia And Herzegovina,192,8,6,6,4,4,11,15,13,12,12,15,13,14,14,14,14
Sead KOLAŠINAC,Bosnia And Herzegovina,183,11,7,11,8,11,12,16,18,12,14,13,16,14,16,14,16
Benjamin TAHIROVIC,Bosnia And Herzegovina,191,15,9,12,12,10,15,9,13,10,13,15,14,7,10,10,11
Amar DEDIĆ,Bosnia And Herzegovina,180,15,11,16,9,11,13,10,11,15,16,10,12,11,13,10,13
Armin GIGOVIĆ,Bosnia And Herzegovina,187,14,11,13,14,11,13,11,12,13,12,12,12,10,11,10,13
Samed BAŽDAR,Bosnia And Herzegovina,186,14,12,12,11,11,12,12,13,12,12,15,13,6,7,7,12
Ermedin DEMIROVIĆ,Bosnia And Herzegovina,185,13,15,13,11,9,11,14,14,13,14,14,13,8,9,8,13
Edin DŽEKO,Bosnia And Herzegovina,193,15,14,13,10,11,14,15,15,5,9,15,12,10,6,12,17
Mladen JURKAS,Bosnia And Herzegovina,193,5,1,2,2,2,5,2,12,6,7,11,6,2,3,15,12
Ivan BAŠIĆ,Bosnia And Herzegovina,178,14,9,13,14,11,13,11,10,13,13,9,13,8,11,10,12
Ivan ŠUNJIĆ,Bosnia And Herzegovina,184,10,7,8,11,7,11,8,12,11,12,10,12,13,14,13,11
Amar MEMIĆ,Bosnia And Herzegovina,176,13,12,14,13,13,12,7,7,14,14,8,12,8,8,9,12
Amir HADŽIAHMETOVIĆ,Bosnia And Herzegovina,179,14,7,13,8,14,14,8,11,11,8,9,14,9,11,14,14
Dženis BURNIĆ,Bosnia And Herzegovina,181,13,8,12,11,11,12,8,11,13,13,11,12,10,12,11,12
Nikola KATIĆ,Bosnia And Herzegovina,194,8,6,7,6,5,9,16,17,9,11,17,16,13,15,14,15
Kerim ALAJBEGOVIĆ,Bosnia And Herzegovina,186,14,10,13,14,12,12,6,7,13,13,10,11,6,6,6,10
Esmir BAJRAKTAREVIĆ,Bosnia And Herzegovina,175,14,11,16,10,12,12,8,9,14,14,7,13,8,7,9,10
Stjepan RADELJIĆ,Bosnia And Herzegovina,201,11,5,11,7,7,12,14,18,8,10,19,13,12,13,14,14
Martin ZLOMISLIĆ,Bosnia And Herzegovina,189,8,3,2,2,2,13,5,13,10,10,13,9,1,3,13,11
Haris TABAKOVIĆ,Bosnia And Herzegovina,196,11,15,10,10,7,11,15,16,11,13,17,16,6,6,6,14
Arjan MALIĆ,Bosnia And Herzegovina,186,11,10,9,9,6,9,9,13,12,14,13,12,10,10,14,11
Jovo LUKIĆ,Bosnia And Herzegovina,193,10,11,9,10,8,11,13,17,10,12,14,16,8,9,7,13
Ermin MAHMIĆ,Bosnia And Herzegovina,182,9,8,7,7,7,11,14,13,11,11,13,11,12,12,11,10
Álisson Ramsés BECKER,Brazil,193,13,1,10,1,1,14,7,15,13,13,14,16,2,3,18,17
Éderson José DOS SANTOS LOURENÇO DA SILVA,Brazil,183,15,12,13,12,11,15,15,15,13,14,14,15,12,15,15,17
Gabriel DOS SANTOS MAGALHÃES,Brazil,190,13,7,10,6,7,13,19,19,13,15,17,14,16,18,15,15
Marcos AOAS CORREA,Brazil,183,13,8,10,10,11,13,16,15,13,14,16,16,16,16,16,17
Carlos Henrique CASIMIRO,Brazil,185,14,11,10,14,11,14,17,17,9,10,15,15,14,17,14,17
Alex Sandro LOBO SILVA,Brazil,180,14,9,13,10,14,14,14,12,10,13,12,13,13,15,16,15
Vinicius José PAIXÃO DE OLIVEIRA JÚNIOR,Brazil,176,16,16,19,12,13,15,12,12,19,18,8,17,3,6,9,16
Bruno GUIMARÃES RODRIGUEZ MOURA,Brazil,181,18,12,16,11,12,18,10,14,13,11,12,16,13,14,16,16
Matheus SANTOS CARNEIRO DA CUNHA,Brazil,183,16,15,17,15,13,14,11,12,15,15,12,15,4,6,5,11
Neymar DA SILVA SANTOS JÚNIOR,Brazil,175,19,15,19,15,15,16,8,10,11,11,7,12,4,5,4,16
Raphael DIAS BELLOLI,Brazil,176,15,15,15,14,15,15,10,11,16,15,8,15,8,11,8,15
Weverton PEREIRA DA SILVA,Brazil,189,10,2,3,1,1,12,3,16,10,9,15,13,1,3,16,13
Danilo Luiz DA SILVA,Brazil,184,13,8,11,11,13,13,13,12,11,12,12,12,14,14,16,15
Gleison Bremer SILVA NASCIMENTO,Brazil,188,12,12,9,7,6,13,17,16,14,15,16,15,17,16,15,17
Leonardo PEREIRA,Brazil,189,13,8,11,10,7,14,15,13,13,13,15,14,15,15,14,13
Douglas DOS SANTOS JUSTINO DE MELO,Brazil,175,14,11,13,14,14,14,8,9,14,13,9,13,12,13,13,14
Fabio Henrique TAVARES,Brazil,188,15,9,11,12,11,16,15,16,9,12,15,11,13,15,16,16
Danilo DOS SANTOS DE OLIVEIRA,Brazil,176,14,9,13,11,11,14,11,11,14,12,8,13,13,13,13,15
Endrick Felipe MOREIRA DE SOUSA PESSOA,Brazil,173,15,15,14,13,10,13,11,15,16,15,7,14,6,6,6,13
Lucas TOLENTINO COELHO DE LIMA,Brazil,183,17,12,15,12,11,13,12,13,13,13,11,14,10,12,10,13
Luiz Henrique André ROSA DA SILVA,Brazil,182,16,10,17,13,11,13,11,12,16,15,12,13,7,11,11,13
Gabriel TEODORO MARTINELLI SILVA,Brazil,178,15,14,16,9,11,12,11,11,17,16,11,14,5,5,7,13
Ederson SANTANA DE MORAES,Brazil,188,14,3,11,12,3,16,9,13,8,10,13,11,1,1,16,17
Roger IBAÑEZ DA SILVA,Brazil,186,13,9,11,9,8,14,17,12,15,14,14,11,14,17,15,15
Igor Thiago NASCIMENTO RODRIGUES,Brazil,191,12,14,12,11,10,12,16,16,13,13,16,13,7,8,8,14
Rayan Vitor SIMPLICIO ROCHA,Brazil,187,13,14,13,13,11,11,11,15,15,14,13,14,7,7,7,11
Josimar José ÉVORA DIAS,Cabo Verde,189,10,1,1,1,2,9,7,12,9,10,15,10,1,2,13,12
Ianique DOS SANTOS TAVARES,Cabo Verde,180,11,10,10,5,9,11,13,12,8,9,16,10,13,12,12,11
Edilson Alberto MONTEIRO SANCHES BORGES,Cabo Verde,185,12,5,9,6,5,12,13,13,11,12,12,11,12,13,12,11
Roberto Carlos LOPES,Cabo Verde,186,9,5,7,5,4,12,13,15,11,10,13,11,12,12,12,12
Logan Evans COSTA,Cabo Verde,190,11,6,9,8,10,12,16,16,12,13,15,13,16,14,16,13
Kevin Lenini GONÇALVES PEREIRA DE PINA,Cabo Verde,181,13,8,12,13,8,13,11,10,13,13,10,12,13,13,13,12
Jovane Eduardo BORGES CABRAL,Cabo Verde,174,14,11,13,13,12,8,7,12,15,14,5,13,7,13,8,11
João Paulo MOREIRA FERNANDES,Cabo Verde,180,13,8,13,10,10,11,7,13,13,13,10,12,10,12,8,11
Gilson BENCHIMOL TAVARES,Cabo Verde,187,11,13,12,6,8,8,11,10,15,15,14,10,4,6,5,12
Jamiro Gregory MONTEIRO ALVARENGA,Cabo Verde,170,13,10,13,11,9,14,11,8,13,11,8,12,6,9,9,12
Garry MENDES RODRIGUES,Cabo Verde,172,13,11,13,11,12,12,8,8,15,14,8,12,6,7,5,12
Márcio Salomão BRAZÃO DA ROSA,Cabo Verde,187,14,8,12,8,11,13,10,8,13,12,6,8,10,11,9,11
Sidny LOPES CABRAL,Cabo Verde,176,12,8,12,11,13,10,6,13,15,14,6,12,8,9,12,7
Deroy D'ENCARNAÇÃO DUARTE,Cabo Verde,177,11,10,14,9,12,12,10,10,13,12,9,12,10,10,10,12
Laros Michael D'ENCARNAÇÃO DUARTE,Cabo Verde,180,15,8,13,12,8,12,11,11,11,12,12,14,7,9,9,11
Jair SEMEDO MONTEIRO,Cabo Verde,171,12,8,10,8,8,12,7,10,13,12,6,11,11,13,12,13
Willy Johnson SEMEDO AFONSO,Cabo Verde,185,13,11,13,10,11,11,7,5,15,14,12,6,4,5,5,10
Telmo Emanuel GOMES ARCANJO,Cabo Verde,180,15,13,13,15,15,14,9,12,13,13,10,14,8,10,8,12
Dailon ROCHA LIVRAMENTO,Cabo Verde,185,12,11,12,9,10,12,13,11,13,13,14,11,5,10,5,10
Ryan Isaac DA GRACA MENDES,Cabo Verde,178,14,12,15,10,12,12,8,10,14,12,8,13,5,5,8,12
Nuno Miguel DA COSTA JOIA,Cabo Verde,184,14,13,13,11,8,12,13,14,11,12,13,14,8,6,8,13
Steven MOREIRA,Cabo Verde,176,11,10,13,8,12,13,9,12,14,13,9,13,13,12,12,12
Carlos Joaquim ANTUNES DOS SANTOS,Cabo Verde,193,8,1,2,3,3,12,8,13,11,10,13,12,1,2,10,12
Wagner Fabricio CARDOSO DE PINA,Cabo Verde,180,13,8,14,7,10,11,8,11,16,15,10,12,10,14,10,13
Kelvin SPENCER PIRES,Cabo Verde,193,11,7,9,8,8,12,13,11,11,12,14,10,12,13,11,12
Hélio Sandro OLIVEIRA ALVES VARELA,Cabo Verde,176,11,8,14,12,12,9,7,12,17,16,8,12,6,6,7,9
Dayne Tristan ST. CLAIR,Canada,191,8,3,3,3,1,15,2,13,11,11,14,9,2,1,13,13
Alistair William JOHNSTON,Canada,180,12,8,10,8,12,12,11,14,12,13,11,13,13,14,14,12
Ale Charles JONES,Canada,191,11,7,8,7,6,13,14,14,12,12,14,13,13,13,14,13
Luc ROLLET DE FOUGEROLLES,Canada,183,11,4,11,5,7,10,11,11,12,11,12,12,11,12,10,11
Joel Robert WATERMAN,Canada,185,12,8,10,6,7,14,14,13,10,13,13,13,13,13,13,12
Mathieu CHOINIÈRE,Canada,175,13,9,11,12,12,13,7,8,13,11,6,10,12,9,13,10
Stephen EUSTAQUIO,Canada,178,14,11,8,12,14,16,11,8,12,12,11,15,8,13,13,10
Ismaël Kenneth Jordan KONE,Canada,188,14,12,13,11,9,14,10,11,12,13,13,13,9,10,13,13
Cyle Christopher LARIN,Canada,188,12,14,12,10,7,11,15,14,12,13,15,14,8,8,6,14
Jonathan Christian DAVID,Canada,178,14,14,14,11,10,13,13,13,16,15,12,12,6,6,8,13
Liam Alan MILLAR,Canada,176,14,9,15,13,13,13,8,8,14,14,9,13,6,7,6,12
Tanitoluwa Oluwatimilehin OLUWASEYI,Canada,188,11,15,12,11,8,8,11,12,16,18,14,12,5,5,10,13
Derek Austin CORNELIUS,Canada,187,11,8,9,10,11,12,15,15,11,13,15,12,13,14,12,13
Jacob Everett SHAFFELBURG,Canada,178,11,12,14,8,13,11,7,8,17,17,9,7,9,8,10,10
Moïse Bombito LUMPUNGU,Canada,191,9,7,9,5,7,13,15,15,17,16,16,12,13,14,13,14
Maxime CRÉPEAU,Canada,181,8,3,3,2,2,11,3,14,10,10,11,10,2,1,12,11
Tajon Trevor BUCHANAN,Canada,183,13,13,14,11,13,13,11,9,15,15,10,12,10,12,12,12
Owen Olamidayo GOODMAN,Canada,193,12,1,1,1,3,13,7,11,8,8,16,9,2,1,12,11
Alphonso Boyle DAVIES,Canada,185,13,8,16,10,11,12,9,13,19,19,13,13,10,13,10,12
Ali AHMED,Canada,180,12,7,12,7,12,12,5,7,13,15,10,10,9,9,10,11
Jonathan OSORIO,Canada,175,13,12,14,12,11,13,7,10,12,12,7,14,12,11,10,12
Richmond Mamah LARYEA,Canada,175,11,12,12,10,13,13,8,12,15,16,9,13,11,11,11,11
Niko Kristian SIGUR,Canada,180,12,9,12,11,11,12,9,9,12,11,10,10,11,13,12,12
Promise Oluwatobi Emmanuel DAVID,Canada,195,11,15,10,11,8,11,14,14,12,12,13,12,11,8,13,12
Nathan-Dylan SALIBA,Canada,174,11,8,10,10,9,14,9,9,14,14,10,12,10,10,12,10
Jayden NELSON,Canada,170,12,9,14,11,12,10,7,7,16,15,6,9,7,7,7,8
David OSPINA RAMIREZ,Colombia,183,10,2,3,1,2,11,8,12,9,9,12,12,3,2,14,14
Daniel MUÑOZ MEJIA,Colombia,180,12,10,14,12,13,11,13,13,15,14,13,13,13,13,13,14
Jhon Janer LUCUMI BONILLA,Colombia,187,13,7,12,8,12,15,12,15,14,14,13,17,15,16,16,16
Santiago ARIAS NARANJO,Colombia,178,12,6,11,11,13,14,9,12,13,13,9,13,12,13,14,13
Kevin Duvan CASTAÑO GIL,Colombia,177,14,9,12,12,9,14,8,10,13,12,10,14,13,12,14,13
Richard RÍOS MONTOYA,Colombia,185,12,10,13,13,13,12,9,15,14,13,14,15,13,15,13,11
Luis Fernando DÍAZ MARULANDA,Colombia,180,17,13,17,13,12,14,13,9,16,16,12,15,8,8,8,14
Jorge Andres CARRASCAL GUARDO,Colombia,180,16,11,16,10,12,13,7,9,14,13,9,12,4,10,8,12
Jhon Andrés CÓRDOBA COPETE,Colombia,188,13,14,11,9,8,11,13,16,14,16,15,18,6,8,11,14
James David RODRÍGUEZ RUBIO,Colombia,181,18,14,15,17,16,17,12,11,8,8,10,14,6,7,8,16
Jhon Adolfo ARIAS ANDRADE,Colombia,170,16,13,15,11,14,15,8,11,13,13,8,13,6,9,9,13
Camilo Andres VARGAS GIL,Colombia,190,10,3,1,3,2,12,1,13,11,11,13,13,3,3,13,13
Yerry Fernando MINA GONZALEZ,Colombia,195,11,7,11,8,5,11,15,18,10,11,16,11,15,15,15,14
Gustavo Adolfo PUERTA MOLANO,Colombia,171,13,8,14,12,12,13,8,11,12,12,8,12,10,12,11,12
Juan Camilo PORTILLA OROZCO,Colombia,183,14,9,11,12,11,12,9,13,10,12,13,13,12,13,14,13
Jefferson Andrés LERMA SOLIS,Colombia,179,12,8,11,12,9,12,15,14,13,12,14,14,13,14,13,14
Johan Andrés MOJICA PALACIO,Colombia,185,13,9,14,10,13,13,10,13,16,16,10,14,12,12,12,12
Willer Emilio DITTA PEREZ,Colombia,184,13,7,7,9,8,12,13,14,12,13,11,12,14,15,14,15
Juan Camilo HERNANDEZ SUAREZ,Colombia,175,13,15,13,14,12,12,13,15,14,14,13,15,4,5,5,14
Juan Fernando QUINTERO PANIAGUA,Colombia,168,15,12,13,15,14,16,6,10,11,10,5,12,5,5,7,13
Jaminton Leandro CAMPAZ,Colombia,165,14,12,15,13,12,12,9,10,17,14,5,13,7,8,7,11
Deiver MACHADO MENA,Colombia,180,13,12,13,11,15,13,8,13,15,14,8,12,12,12,12,12
Davinson SÁNCHEZ MINA,Colombia,188,13,6,11,8,7,13,16,16,13,15,16,13,14,17,14,13
Álvaro David MONTERO PERALES,Colombia,200,10,1,2,2,1,10,8,12,10,11,19,13,1,1,11,13
Luis Javier SUÁREZ CHARRIS,Colombia,185,14,16,13,10,10,12,12,14,15,16,12,14,5,7,8,14
Carlos Andrés GÓMEZ HINESTROZA,Colombia,171,13,12,14,12,13,12,7,10,15,15,8,12,6,7,7,12
Lionel Nzau MPASI,Congo DR,182,8,1,1,2,3,10,9,11,12,12,11,14,3,2,11,12
Wan BISSAKA,Congo DR,183,11,7,13,5,11,11,8,13,17,15,10,15,12,19,13,12
Steve Nkanu KAPUADI,Congo DR,196,11,5,10,6,11,13,16,15,11,12,18,14,11,13,14,14
Axel TUANZEBE,Congo DR,185,12,5,12,4,6,13,12,14,15,16,13,13,14,14,15,15
Dylan Buduka BATUBINSIKA,Congo DR,185,12,6,9,9,9,11,15,15,11,12,14,13,14,13,13,13
Ngal’ayel MUKAU,Congo DR,188,12,13,14,9,13,14,12,14,13,12,12,14,12,14,14,13
Nathanaël MBUKU,Congo DR,170,14,10,14,10,11,11,8,8,15,12,6,13,8,10,9,12
Samuel Alain MOUTOUSSAMY,Congo DR,176,12,6,11,9,10,12,12,14,11,11,12,13,13,14,14,13
Kibambe Brian CIPENGA,Congo DR,172,12,9,13,8,11,10,7,9,15,14,8,11,7,7,6,14
Theo Mbulofeko Batombo BONGONDA,Congo DR,177,15,13,14,15,11,12,7,9,15,15,9,12,6,8,8,12
Mambenga Gaël Roméo KAKUTA,Congo DR,173,16,12,15,14,13,14,7,9,11,7,7,16,5,4,5,13
Joris KAYEMBE-DITU,Congo DR,180,13,9,14,10,13,11,8,12,14,14,11,12,12,13,10,8
Meschack Lina ELIA,Congo DR,173,13,9,13,12,11,12,7,10,16,15,5,11,5,6,5,11
Noah Junior SADIKI,Congo DR,173,13,9,14,10,13,13,10,14,14,13,12,13,14,14,14,12
Tshibola AARON,Congo DR,190,13,10,14,9,9,14,11,15,12,13,14,13,10,11,11,10
Timothy Bruce Munzoko FAYULU,Congo DR,192,4,3,1,3,2,11,1,13,11,11,14,11,3,3,11,12
Cedric BAKAMBU,Congo DR,182,13,14,13,12,10,13,13,13,14,13,11,15,7,8,7,15
Charles Monginda PICKEL,Congo DR,185,12,9,8,10,9,11,13,14,13,12,13,12,13,15,14,14
Mayele Fiston KALALA,Congo DR,180,11,14,11,11,9,11,12,11,13,14,12,12,5,7,6,13
Yoane WISSA,Congo DR,176,14,15,13,12,11,13,13,12,16,14,11,12,6,8,8,15
Matthieu Luka EPOLO,Congo DR,183,12,3,3,3,12,10,13,12,12,12,13,12,14,8,12,12
Mangulu Chancel MBEMBA,Congo DR,182,12,6,11,10,9,14,15,14,12,13,13,14,15,14,12,14
Simon Bokote BANZA,Congo DR,189,11,16,11,10,8,9,17,13,13,12,14,10,4,5,6,16
Gédéon Tchingoma Kyatengwa KALULU,Congo DR,179,12,8,11,9,12,12,10,11,12,13,9,13,12,13,12,13
Edo Kayembe KAYEMBE,Congo DR,183,12,13,11,14,7,13,10,15,14,14,11,14,11,11,10,13
Arthur Fuka MASUAKU KAWELA,Congo DR,179,16,8,15,14,15,14,7,14,13,11,9,14,8,12,9,12
Yahia FOFANA,Côte D'Ivoire,194,8,1,2,2,1,11,7,14,10,10,14,10,1,2,13,12
Ousmane DIOMANDE,Côte D'Ivoire,190,13,8,11,10,8,14,16,17,13,15,17,16,17,12,13,15
N'clomande Ghislain KONAN,Côte D'Ivoire,178,13,6,14,9,13,11,9,13,15,15,9,14,10,10,10,10
Jean Michael SERI,Côte D'Ivoire,168,15,11,10,12,12,15,5,9,12,7,5,15,9,9,10,13
Wilfried Stephane SINGO,Côte D'Ivoire,190,12,8,13,10,12,13,14,16,14,16,16,14,13,13,13,13
Seko Mohamed FOFANA,Côte D'Ivoire,185,13,11,12,14,9,13,11,16,14,13,11,14,11,12,12,13
Kouakou Odilon Dorgeless KOSSOUNOU,Côte D'Ivoire,191,13,6,11,6,11,14,13,16,14,16,16,15,14,13,14,14
Franck Yannick KESSIE,Côte D'Ivoire,183,13,13,12,12,7,14,13,15,12,12,12,13,13,15,14,14
Ange-Yoan Laurent BONNY,Côte D'Ivoire,189,15,14,14,10,9,13,13,16,14,15,13,16,5,9,9,13
Simon ADINGRA,Côte D'Ivoire,175,14,13,16,10,14,14,9,10,16,16,8,12,6,6,8,15
Yan DIOMANDE,Côte D'Ivoire,182,13,10,16,11,10,11,7,11,17,16,10,12,7,8,7,10
Sepe Elye Delmas WAHI,Côte D'Ivoire,182,14,14,13,12,9,11,13,12,15,16,12,13,6,6,6,14
Christopher Tea Domoraud OPERI,Côte D'Ivoire,182,13,7,12,7,16,13,11,13,14,12,11,15,10,12,10,11
Oumar DIAKITE,Côte D'Ivoire,182,12,12,13,10,10,12,9,12,13,14,11,12,11,8,11,11
Amad DIALLO,Côte D'Ivoire,173,16,13,15,14,11,15,3,9,16,15,6,14,6,6,9,12
Mohamed KONE,Côte D'Ivoire,190,5,1,1,1,1,10,1,13,10,10,13,9,1,2,11,13
Guela Maho-Lewis DOUE,Côte D'Ivoire,186,12,7,11,10,13,11,13,15,13,14,15,14,14,14,14,13
Ibrahim SANGARE,Côte D'Ivoire,191,13,7,12,13,9,15,15,17,13,12,17,15,14,15,15,13
Nicolas PEPE,Côte D'Ivoire,183,17,14,16,16,13,14,8,10,16,15,8,12,6,5,8,16
Badobre Emmanuel Elysee Djedje AGBADOU,Côte D'Ivoire,192,12,8,10,10,10,12,15,16,13,14,15,16,14,14,13,14
Obite Evan NDICKA,Côte D'Ivoire,192,13,7,12,5,10,12,15,16,14,15,16,15,15,16,15,16
Evann Ludovic Vidjannagni GUESSAND,Côte D'Ivoire,185,14,15,13,13,10,14,14,15,15,14,14,14,5,7,10,13
Alban-Marc LAFONT,Côte D'Ivoire,196,10,1,1,1,3,12,3,13,10,11,16,13,3,2,14,12
Bazoumana TOURE,Côte D'Ivoire,178,13,8,15,11,13,10,11,8,16,17,11,11,8,9,8,10
Parfait GUIAGON,Côte D'Ivoire,169,15,9,15,10,12,13,7,9,12,13,5,8,7,10,7,11
Christ Ravynel Inao OULAI,Côte D'Ivoire,173,14,8,12,8,7,11,6,7,14,11,7,16,11,13,10,9
Dominik LIVAKOVIĆ,Croatia,188,9,1,2,2,2,11,8,11,10,7,13,9,3,9,14,16
Josip STANIŠIĆ,Croatia,186,12,8,12,7,12,13,14,14,12,15,15,14,14,15,14,13
Marin PONGRAČIĆ,Croatia,190,12,6,12,6,7,13,15,16,14,14,14,15,14,14,14,14
Joško GVARDIOL,Croatia,185,14,12,13,8,12,16,15,16,14,15,13,15,14,14,14,14
Duje ĆALETA-CAR,Croatia,193,10,6,8,9,5,11,17,16,11,11,15,15,14,14,15,15
Josip ŠUTALO,Croatia,185,14,5,11,5,8,13,14,14,12,12,13,12,15,16,15,17
Nikola MORO,Croatia,184,13,10,12,13,14,16,12,11,11,12,13,12,8,13,11,12
Mateo KOVAČIĆ,Croatia,177,16,8,16,9,10,14,10,13,15,14,9,16,12,15,13,15
Andrej KRAMARIĆ,Croatia,177,16,14,12,13,12,14,13,11,12,12,10,13,7,7,8,13
Luka MODRIĆ,Croatia,172,19,11,16,13,15,18,7,8,13,11,6,14,8,9,14,16
Ante BUDIMIR,Croatia,190,12,15,10,12,8,11,17,17,11,13,15,15,7,12,12,16
Ivor PANDUR,Croatia,187,9,2,3,2,1,10,5,10,10,12,16,12,1,3,12,11
Nikola VLAŠIĆ,Croatia,179,15,13,15,14,12,15,9,12,14,13,10,15,7,8,6,14
Ivan PERIŠIĆ,Croatia,186,14,13,13,12,15,14,15,12,12,11,14,14,9,9,9,15
Mario PAŠALIĆ,Croatia,188,14,13,13,14,11,15,12,12,13,13,14,14,8,12,9,16
Martin BATURINA,Croatia,172,15,11,16,13,13,14,7,11,13,13,7,17,8,9,12,12
Petar SUČIĆ,Croatia,183,15,13,13,10,11,15,11,11,11,11,12,12,10,12,11,14
Kristijan JAKIĆ,Croatia,181,11,8,10,11,10,12,13,15,12,12,14,15,13,15,15,15
Toni FRUK,Croatia,174,15,14,14,13,14,15,9,10,11,10,8,15,4,6,6,14
Igor MATANOVIĆ,Croatia,195,13,14,12,9,8,11,14,15,12,13,16,15,5,6,6,13
Luka SUČIĆ,Croatia,185,15,11,15,14,10,13,11,12,15,15,13,13,5,8,6,13
Luka VUŠKOVIĆ,Croatia,193,12,10,12,12,8,12,14,15,11,12,16,15,12,12,13,12
Dominik KOTARSKI,Croatia,189,13,1,3,2,1,13,1,14,10,12,15,13,1,2,13,13
Marco PAŠALIĆ,Croatia,177,13,11,14,16,14,13,7,9,13,13,7,14,6,8,9,12
Martin ERLIĆ,Croatia,192,11,6,9,5,12,11,14,15,12,13,15,13,14,14,14,13
Petar MUSA,Croatia,190,12,16,10,12,8,12,15,16,12,13,15,16,7,6,7,13
Eloy Victor ROOM,Curaçao,188,10,2,4,1,3,11,3,11,10,9,14,10,5,4,12,12
Shurandy Ruggerio SAMBO,Curaçao,174,13,7,11,5,12,12,7,10,14,14,12,11,11,12,12,11
Juriën Godfried Juan GAARI,Curaçao,180,11,4,10,5,10,12,13,11,13,14,12,12,11,12,11,11
Róshón Felix Romar Jordan VAN EIJMA,Curaçao,186,9,6,4,6,6,9,12,14,11,10,13,13,12,10,13,10
Sherel Constancio FLORANUS,Curaçao,185,11,5,11,11,12,9,10,12,12,12,11,11,11,11,11,9
Godfried ROEMERATOE,Curaçao,178,11,5,12,9,6,12,6,10,12,11,9,12,10,10,12,12
Juninho Gracielo BACUNA,Curaçao,178,14,10,12,12,13,13,8,12,11,12,10,14,9,11,12,13
Livano Shyron Liomar COMENENCIA,Curaçao,185,12,5,10,11,10,12,12,11,13,13,12,12,11,11,11,10
Jürgen Leonardo LOCADIA,Curaçao,193,13,13,10,11,7,11,14,15,13,13,14,13,6,6,6,12
Leandro Jones Johan BACUNA,Curaçao,187,12,8,11,11,12,11,10,13,12,12,12,12,8,11,11,11
Jeremy Cornelis Jacobus ANTONISSE,Curaçao,184,12,9,13,12,11,11,8,12,13,13,12,10,6,9,6,12
Misjonne Juniffer Naigelino HANSEN,Curaçao,173,14,10,14,11,10,12,7,10,14,14,8,12,6,3,4,11
Tyrese Yurvencey NOSLIN,Curaçao,182,12,7,13,8,11,11,10,8,13,13,10,8,9,10,10,9
Kenji Joël GORRÉ,Curaçao,178,15,12,15,12,11,12,5,10,12,12,9,14,4,6,6,12
Ar'jany Jainel Archenir MARTHA,Curaçao,180,13,8,12,8,12,13,7,9,13,13,8,10,8,10,8,10
Jearl Erwin MARGARITHA,Curaçao,181,11,10,11,6,10,15,6,6,14,15,7,9,4,4,4,15
Brandley Mack-Olien KUWAS,Curaçao,178,12,10,12,14,12,13,9,13,12,11,11,14,3,4,5,11
Armando Maria OBISPO,Curaçao,185,12,5,9,8,6,12,15,13,12,12,14,13,13,13,13,12
Gervane Zjandric Adonnis KASTANEER,Curaçao,185,12,8,13,11,9,10,10,14,13,13,13,15,5,5,6,10
Joshua Benjamin BRENET,Curaçao,181,12,9,12,9,12,12,9,12,13,13,10,12,10,11,9,11
Tahith Jose Girigorio Djorkaef CHONG,Curaçao,185,13,11,13,11,12,12,6,8,16,16,12,11,3,5,5,11
Kevin Antonio FELIDA,Curaçao,174,11,6,7,11,7,11,8,13,11,12,10,14,11,11,11,13
Riechedly Guillermo BAZOER,Curaçao,184,15,10,12,14,9,15,10,14,12,12,13,13,11,13,13,13
Deveron Lenny FONVILLE,Curaçao,178,13,7,13,7,12,12,10,6,14,14,11,13,15,13,13,11
Tyrick Jeremy BODAK,Curaçao,190,6,1,1,1,1,7,1,6,11,11,11,8,1,1,10,7
Trevor Irving DOORNBUSCH,Curaçao,188,3,1,1,1,1,9,1,10,13,13,12,8,1,1,11,12
Matěj KOVÁŘ,Czechia,196,12,2,10,2,3,13,3,13,8,8,17,12,2,1,13,12
David ZIMA,Czechia,190,10,8,9,6,7,14,15,15,13,14,15,14,14,13,13,13
Tomáš HOLEŠ,Czechia,180,11,11,11,12,8,13,14,14,12,13,11,17,15,15,12,12
Robin HRANÁČ,Czechia,190,11,6,8,6,6,10,14,16,13,15,15,15,14,13,14,13
Vladimír COUFAL,Czechia,174,11,6,11,8,13,11,13,13,13,14,10,16,14,14,13,12
Štěpán CHALOUPEK,Czechia,190,10,9,12,5,5,14,15,13,14,12,15,14,14,15,11,10
Ladislav KREJČÍ,Czechia,191,12,11,12,14,9,14,15,15,13,13,15,15,14,14,12,14
Vladimír DARIDA,Czechia,172,13,10,11,13,11,13,7,7,11,10,6,13,8,10,12,12
Adam HLOŽEK,Czechia,188,13,12,13,12,11,12,12,14,14,14,14,14,7,8,7,13
Patrik SCHICK,Czechia,191,15,17,13,12,8,12,17,15,12,14,17,16,6,6,7,17
Jan KUCHTA,Czechia,185,13,13,12,8,9,13,11,13,14,13,11,11,4,6,10,14
Lukáš ČERV,Czechia,182,12,11,13,13,9,13,6,13,14,14,10,14,12,12,13,11
Mojmír CHYTIL,Czechia,187,13,15,12,11,8,11,13,14,13,13,14,14,5,7,12,14
David JURÁSEK,Czechia,183,12,8,12,9,15,11,10,12,14,16,11,12,10,12,10,12
Pavel ŠULC,Czechia,177,13,14,14,8,13,12,11,8,16,15,7,9,7,8,12,13
Jindřich STANĚK,Czechia,191,7,1,2,3,1,7,7,19,13,7,17,15,7,5,12,13
Lukáš PROVOD,Czechia,189,12,12,13,15,13,14,12,16,14,15,14,14,12,11,12,12
Michal SADÍLEK,Czechia,169,13,7,12,9,9,14,7,11,13,14,8,14,11,10,11,13
Tomáš CHORÝ,Czechia,199,9,16,11,13,4,11,17,19,14,14,18,18,11,11,11,13
Jaroslav ZELENÝ,Czechia,190,12,9,13,6,15,14,13,12,11,12,15,15,14,14,13,13
David DOUDĚRA,Czechia,175,13,11,13,11,11,13,7,9,16,17,7,11,10,12,11,12
Tomáš SOUČEK,Czechia,192,10,14,10,12,8,9,18,16,11,11,17,15,14,15,15,14
Lukáš HORNÍČEK,Czechia,197,8,1,3,3,2,7,2,14,9,10,16,13,2,3,14,12
Alexandr SOJKA,Czechia,188,13,8,9,9,13,14,13,13,11,12,13,11,14,10,12,12
Hugo SOCHŮREK,Czechia,184,8,12,8,6,1,12,6,4,13,10,6,4,5,8,4,11
Denis VIŠINSKÝ,Czechia,177,15,15,12,12,13,12,9,8,12,12,11,11,10,10,10,11
Hernán Ismael GALÍNDEZ,Ecuador,189,8,3,3,3,3,12,6,14,10,10,12,11,2,3,14,11
Félix Eduardo TORRES CAICEDO,Ecuador,187,8,6,5,8,4,12,15,18,12,13,15,15,14,14,11,14
Piero Martin HINCAPIÉ REYNA,Ecuador,184,13,7,12,7,11,14,13,15,14,16,15,15,15,17,14,14
Joel Leandro ORDÓÑEZ GUERRERO,Ecuador,188,12,7,9,7,8,12,12,15,12,12,14,14,13,14,11,11
Jordy Jose ALCÍVAR MACÍAS,Ecuador,172,15,7,11,10,9,15,9,10,12,13,9,15,11,14,12,10
Willian Joel PACHO TENORIO,Ecuador,188,12,6,11,6,8,14,14,18,14,15,16,15,16,16,15,16
Pervis Josue ESTUPIÑÁN TENORIO,Ecuador,175,14,9,13,13,14,14,10,14,14,14,10,12,12,15,11,13
Anthony Lenin VALENCIA BAJAÑA,Ecuador,176,13,11,14,11,10,11,6,7,15,15,6,7,3,4,5,7
John YEBOAH ZAMORA,Ecuador,170,14,10,15,11,11,12,5,8,14,13,6,9,4,6,6,10
Ray Kendry PAEZ ANDRADE,Ecuador,178,16,10,15,11,11,13,6,7,14,14,8,10,5,6,6,10
Kevin Jose RODRÍGUEZ CORTEZ,Ecuador,190,11,14,14,10,8,11,12,16,15,15,16,13,5,5,7,10
Wellington Moisés RAMÍREZ PRECIADO,Ecuador,185,13,2,1,3,3,12,6,15,15,15,14,16,1,3,11,10
Enner Remberto VALENCIA LASTRA,Ecuador,177,14,14,14,12,7,12,14,12,14,14,10,15,4,4,7,12
Alan Steve MINDA GARCIA,Ecuador,171,12,12,15,11,12,12,8,9,13,15,7,8,6,7,8,8
Pedro Jeampierre VITE UCA,Ecuador,168,14,13,14,12,10,14,10,8,13,13,6,10,6,11,8,10
Jordy Josue CAICEDO MEDINA,Ecuador,185,10,12,10,9,8,9,12,12,14,12,13,8,7,7,7,11
Ángelo Smit PRECIADO QUIÑONEZ,Ecuador,174,14,9,14,14,14,12,9,11,15,15,10,13,10,13,11,10
Denil Daniel CASTILLO PRECIADO,Ecuador,187,14,9,12,8,7,13,10,12,16,15,13,11,12,13,12,12
Gonzalo Jordy PLATA JIMENEZ,Ecuador,178,15,13,16,12,14,13,9,8,16,15,9,13,6,5,5,10
Nilson David ANGULO RAMIREZ,Ecuador,184,13,12,13,9,12,13,10,13,15,14,12,11,8,8,9,9
Alan Steven FRANCO PALMA,Ecuador,175,13,10,11,10,10,12,8,12,13,13,7,12,13,13,13,15
Gonzalo Roberto VALLE BUSTAMANTE,Ecuador,185,10,1,1,2,1,11,6,13,13,14,15,9,2,3,13,13
Moisés Isaac CAICEDO COROZO,Ecuador,178,14,11,14,12,8,15,9,12,16,14,9,12,13,18,15,15
Jeremy Alberto AREVALO MERA,Ecuador,182,13,14,13,6,9,12,11,15,13,12,11,15,5,6,6,12
Jackson Gabriel POROZO VERNAZA,Ecuador,192,11,8,10,6,6,9,16,14,13,14,16,13,13,14,12,12
Yaimar Abel MEDINA ORTIZ,Ecuador,177,12,10,13,12,12,13,8,9,13,15,7,12,11,11,11,10
Mohamed Elsayed Mohamed ELSHENAWY GOMAA,Egypt,191,9,1,3,1,3,9,5,12,10,10,16,12,1,3,14,10
Yasser Ahmed Ibrahim ELHANAFY,Egypt,185,9,6,6,11,5,11,15,14,11,13,14,14,13,15,15,13
Mohamed Hany Gamal ELDEMERDASH,Egypt,175,13,8,13,8,13,13,10,12,14,14,11,13,11,14,13,12
Hossam Abdelmegeed Abdelsalam ABDELMEGEED,Egypt,193,12,7,9,5,6,13,14,12,11,13,14,13,12,13,12,12
Ramy Hisham Abdelaziz Moustafa RABIA,Egypt,183,10,6,8,11,7,11,14,14,13,13,13,12,12,14,13,12
Mohamed Abdelmoneim Elsayed M AHMED,Egypt,184,13,5,11,5,9,13,15,13,12,14,14,13,14,15,15,13
Mahmoud Ahmed Ibrahim HASSAN,Egypt,181,15,14,16,16,12,12,8,11,14,12,11,15,6,7,8,12
Emam Ashour Metwaly ABDELGHANY,Egypt,180,14,12,15,15,13,14,10,12,13,12,9,13,7,12,12,13
Hamza Mohamed Abdelkarim E SELIM,Egypt,182,12,14,11,9,4,10,12,9,14,13,13,8,4,4,4,8
Mohamed Salah Hamed Mahrous GHALY,Egypt,175,17,17,16,15,17,16,10,16,16,16,8,18,7,7,8,17
Mostafa Mohamed Zaky ABDELRAOUF,Egypt,179,14,10,14,9,13,6,9,11,14,14,14,14,7,9,8,11
Haissem Yousry Fouad A HASSAN,Egypt,178,15,10,17,9,12,12,7,10,16,16,9,13,7,7,10,9
Ahmed Mohamed Aboelfetouh MOHAMED,Egypt,177,14,8,14,10,12,12,12,10,14,15,9,12,14,12,11,9
Hamdy Fathy Abdelhalim ABDELFATTAH,Egypt,183,11,9,11,12,6,13,12,13,12,10,10,12,13,16,14,13
Karim Hafez Ramadan SEIFELDIN,Egypt,175,13,8,13,8,13,12,7,12,14,14,7,11,8,10,9,11
Mahdy Mohamed Soliman IBRAHIM,Egypt,189,7,2,1,1,2,8,4,13,11,7,16,10,1,1,12,16
Mohanad Mostafa Ahmed A LASHIN,Egypt,179,12,7,11,8,8,13,7,13,13,12,11,13,9,13,10,12
Nabil Emad Aly Elmahdy ALY,Egypt,179,14,10,5,10,9,14,9,6,11,9,11,14,13,14,13,13
Marawan Attia Fahim GHALLAB,Egypt,176,15,9,13,11,12,16,8,9,12,12,8,13,10,13,14,13
Ibrahim Adel Aly Mohamed HASSAN,Egypt,178,15,11,16,11,12,12,7,8,15,12,7,15,5,7,6,12
Mahmoud Saber Abdelmohsen H ABDELMOHSEN,Egypt,170,13,10,13,14,12,13,7,7,13,12,7,12,5,7,8,11
Omar Khaled Mohamed Abdelsalam MARMOUSH,Egypt,180,15,14,16,14,12,13,11,13,16,16,11,15,7,8,7,16
Mostafa Ahmed Abdelaziz Mohame SHOUBIR,Egypt,185,7,1,1,1,1,8,1,5,12,10,11,8,1,1,11,11
Tarek Alaa Abdelghaffar Abdel ELGEBALY,Egypt,178,12,8,11,6,9,12,13,12,13,11,11,12,13,14,13,13
Ahmed Mostafa Mohamed SAYED,Egypt,175,16,13,16,12,14,14,7,8,14,14,8,12,7,7,8,12
Mohamed Alaaeldin Soliman M AHMED,Egypt,188,15,13,15,15,10,15,9,5,12,9,7,10,11,11,11,13
Jordan Lee PICKFORD,England,185,14,2,1,3,1,13,8,14,8,8,14,12,1,2,14,15
Ezri Ngoyo KONSA,England,183,15,5,13,3,7,14,15,14,15,14,14,14,14,16,14,15
Nico O'REILLY,England,193,15,11,13,7,9,13,10,9,16,13,15,13,11,10,12,13
Declan RICE,England,188,15,10,14,12,15,15,14,14,13,13,14,15,15,17,16,18
John STONES,England,188,16,8,14,6,6,16,14,15,14,15,16,12,13,16,16,16
Addji Keaninkin Marc-Isreal GUEHI,England,183,15,8,13,8,9,13,14,14,15,14,14,15,15,15,15,14
Bukayo Ayoyinka SAKA,England,178,17,15,17,17,15,13,9,13,17,15,9,18,9,10,10,16
Elliot Junior ANDERSON,England,179,14,12,13,12,11,13,9,14,14,12,8,14,10,13,13,12
Harry Edward KANE,England,188,17,19,14,17,12,18,17,16,12,13,16,18,8,9,8,18
Jude Victor William BELLINGHAM,England,186,17,17,17,14,12,17,14,14,16,15,12,14,12,15,12,16
Marcus RASHFORD,England,188,15,15,15,13,13,14,12,15,16,17,13,15,2,4,4,13
Trevoh Tom CHALOBAH,England,192,13,8,10,9,11,12,13,13,16,15,15,14,14,16,14,14
Dean Bradley HENDERSON,England,188,11,1,3,2,3,11,7,11,12,11,14,12,1,1,15,14
Jordan Brian HENDERSON,England,182,14,7,11,9,12,16,10,12,12,12,12,14,14,14,15,15
Daniel Johnson BURN,England,201,12,9,9,4,9,13,15,17,10,12,19,8,15,16,16,15
Kobbie Boateng MAINOO,England,184,16,13,14,9,9,14,10,12,13,13,12,16,9,12,12,14
Morgan Elliot ROGERS,England,187,15,14,17,13,12,13,8,14,15,16,11,17,9,9,9,13
Anthony Michael GORDON,England,183,14,13,17,12,15,13,7,10,17,17,11,15,8,11,9,14
Oliver George Arthur WATKINS,England,180,13,15,13,11,12,13,14,15,15,14,13,12,6,7,9,15
Chukwunonso Azuka Tristan MADUEKE,England,182,15,13,17,11,13,13,11,14,15,16,13,16,3,5,5,11
Eberechi Oluchi EZE,England,178,16,13,17,15,13,15,6,12,14,13,9,16,6,7,10,14
Ivan Benjamin Elijah TONEY,England,185,15,17,14,13,11,12,17,15,13,14,13,14,5,7,8,14
James Harrington TRAFFORD,England,197,13,1,5,3,1,11,5,13,13,13,15,15,3,2,15,11
Reece Lewis JAMES,England,180,15,12,11,11,16,12,14,18,15,14,10,19,13,14,13,13
Diop Tehuti Djed-Hotep SPENCE,England,184,10,11,10,7,12,10,7,13,17,15,12,12,13,15,12,15
Jarell Amorin QUANSAH,England,190,13,7,13,10,8,14,15,15,14,14,16,15,14,15,14,14
Brice Lauriche SAMBA,France,187,10,6,2,11,1,14,1,15,10,10,15,15,3,1,13,12
Malo Arthur GUSTO,France,178,13,6,10,9,15,12,10,12,17,16,10,12,12,13,11,12
Lucas DIGNE,France,178,14,8,13,13,16,15,12,12,15,14,8,13,10,13,12,14
Dayotchanculle Oswald UPAMECANO,France,186,13,6,12,8,8,16,14,17,15,16,16,16,17,17,16,16
Jules Olivier KOUNDE,France,181,14,13,14,13,13,14,13,14,15,15,11,16,14,15,13,15
Kouadio Emmanuel Boris KONE,France,185,16,11,16,13,6,15,10,15,15,15,12,16,12,15,13,16
Masour Ousmane DEMBELE,France,178,18,15,18,13,14,15,7,10,18,17,8,13,10,7,10,11
Aurélien Djani TCHOUAMENI,France,188,14,9,12,13,10,15,13,18,14,16,14,15,16,16,14,16
Marcus Lilian THURAM-ULIEN,France,192,17,15,17,14,10,13,13,17,17,17,14,17,4,7,6,14
Kylian MBAPPE LOTTIN,France,178,17,18,18,15,13,15,9,12,19,19,8,16,4,4,4,17
Michael Akpovie OLISE,France,180,18,15,17,16,16,17,8,13,15,14,11,16,8,9,8,17
Bradley Jean-Manuel Essolisa A BARCOLA,France,182,16,13,16,12,13,14,11,10,17,17,13,13,5,5,9,12
N'golo KANTE,France,168,14,9,12,10,10,15,9,11,15,8,6,15,13,19,15,17
Adrien Thibault Marie RABIOT,France,191,15,13,14,14,14,16,14,18,13,16,14,15,11,16,16,15
Ibrahima KONATÉ,France,194,14,5,13,4,5,14,16,18,14,15,16,14,16,16,15,14
Mike Peterson MAIGNAN,France,191,12,1,6,10,1,14,6,15,9,10,15,14,1,13,14,15
William Alain André Gabriel SALIBA,France,192,16,9,12,11,10,13,16,17,14,14,16,16,16,18,16,18
Warren Marie Jean-Pierre ZAÏRE-EMERY,France,178,14,8,13,11,11,15,9,13,14,13,9,15,13,14,15,14
Théo Bernard François HERNANDEZ,France,184,13,12,14,15,15,13,13,14,16,17,12,15,13,14,13,14
Désiré Nonka-Maho DOUE,France,181,16,12,17,13,14,15,9,11,16,14,9,13,11,10,10,12
Lucas Francois Bernard HERNANDEZ,France,184,13,6,12,7,13,14,14,15,13,13,14,15,16,16,16,15
Jean-Philippe MATETA,France,192,13,15,14,9,8,11,14,16,15,15,16,14,8,7,11,13
Robin François Philippe RISSER,France,192,9,1,1,2,2,13,3,15,9,10,16,12,3,3,11,12
Mathis Rayan CHERKI,France,180,17,12,18,10,14,14,4,13,14,14,6,13,3,3,7,9
Maghnes AKLIOUCHE,France,183,16,11,15,10,13,15,7,8,14,13,8,12,6,7,8,12
Maxence Guy LACROIX,France,192,12,7,11,6,7,12,15,15,15,17,15,14,15,14,14,15
Manuel Peter NEUER,Germany,193,14,7,12,7,6,15,10,15,8,8,16,14,9,11,14,14
Antonio RÜDIGER,Germany,190,11,7,10,8,10,12,15,18,16,16,15,16,15,17,14,14
Waldemar ANTON,Germany,189,12,6,12,8,8,14,14,15,12,14,16,15,14,15,15,15
Jonathan Glao TAH,Germany,195,12,6,10,8,7,14,16,18,12,16,17,18,15,13,16,16
Aleksandar PAVLOVIĆ,Germany,188,15,8,12,12,13,17,11,11,11,12,13,13,11,12,13,16
Joshua Walter KIMMICH,Germany,177,16,11,13,14,18,18,12,12,12,13,11,13,12,13,12,16
Kai Lukas HAVERTZ,Germany,193,17,13,15,11,10,16,15,14,13,14,14,15,8,10,11,16
Leon Christoph GORETZKA,Germany,189,14,12,12,15,11,15,16,17,12,14,16,16,12,14,12,16
Jamie Jaleel Jeremy LEWELING,Germany,184,12,10,15,11,12,11,10,14,15,16,12,12,9,11,9,12
Jamal MUSIALA,Germany,186,18,15,19,14,9,15,13,10,15,15,12,16,9,11,9,15
Nick WOLTEMADE,Germany,198,16,14,16,12,8,14,13,15,12,14,17,18,8,9,8,14
Oliver BAUMANN,Germany,187,11,1,2,3,1,12,7,13,8,10,15,12,1,3,16,16
Pascal Alexander GROß,Germany,181,15,11,12,14,17,16,10,11,9,10,10,12,11,11,12,14
Maximilian BEIER,Germany,185,13,14,13,12,9,11,13,10,16,17,13,11,7,8,7,14
Nico Cédric SCHLOTTERBECK,Germany,191,13,7,12,13,12,16,14,16,13,14,16,16,14,17,15,15
Angelo Nicolas STILLER,Germany,183,15,8,12,12,13,17,11,12,12,11,11,14,12,12,14,14
Florian Richard WIRTZ,Germany,176,19,14,18,14,13,18,7,10,14,15,7,14,8,10,8,15
Nathaniel Christopher BROWN,Germany,178,14,8,13,10,14,13,7,9,14,16,8,12,10,15,11,13
Leroy Aziz SANÉ,Germany,183,16,12,17,16,12,15,8,11,16,17,12,12,7,8,8,15
Nadiem AMIRI,Germany,180,16,12,15,16,13,15,7,13,12,12,8,13,10,12,11,14
Alexander NÜBEL,Germany,193,12,2,3,3,2,13,7,13,8,8,17,12,1,2,12,12
David RAUM,Germany,181,12,8,12,11,17,12,8,13,15,16,11,12,11,12,11,13
Felix Kalu NMECHA,Germany,190,16,10,15,12,11,15,13,14,13,16,15,16,10,12,12,13
Malick THIAW,Germany,194,12,7,9,7,8,12,14,16,11,14,16,14,15,15,14,14
Forzan Assan OUÉDRAOGO,Germany,191,15,10,15,13,9,13,12,11,13,13,14,12,8,10,9,12
Deniz UNDAV,Germany,179,15,15,13,13,10,14,14,15,12,12,11,16,8,9,9,16
Lawrence Ati ZIGI,Ghana,188,8,1,1,3,2,10,10,14,8,7,14,13,3,3,13,13
Alidu SEIDU,Ghana,173,11,6,10,9,11,10,11,15,14,15,11,15,13,14,12,12
Caleb Marfo YIRENKYI,Ghana,182,12,6,9,8,8,14,11,14,14,14,11,12,14,14,13,14
Jonas Adjei ADJETEY,Ghana,188,9,4,7,7,5,10,16,17,12,13,14,13,13,15,12,12
Thomas Teye PARTEY,Ghana,185,16,10,14,14,11,15,13,14,11,12,14,14,12,14,15,16
Abdul Mumin SULEMAN,Ghana,188,14,6,13,6,5,14,14,14,15,15,15,13,15,16,14,14
Abdul Fatawu ISSAHAKU,Ghana,177,14,13,16,14,12,13,6,13,17,15,8,12,6,7,10,11
Kwasi SIBO,Ghana,182,13,9,8,14,10,12,12,14,12,14,10,12,14,14,12,13
Jordan Pierre AYEW,Ghana,182,12,11,13,10,12,11,12,12,13,12,11,13,10,10,12,13
Solomon Brandon Michael Clarke THOMAS-ASANTE,Ghana,180,10,12,12,10,9,8,10,16,16,16,9,14,6,6,7,7
Antoine Serlom SEMENYO,Ghana,185,14,15,16,13,11,12,9,14,16,15,9,14,5,7,7,11
Joseph Tetteh ANANG,Ghana,190,8,1,1,1,1,11,1,12,10,10,15,10,1,1,10,10
Christopher Bonsu BAAH,Ghana,172,12,11,13,12,12,11,8,7,15,12,5,14,7,7,9,11
Gideon MENSAH,Ghana,178,12,6,13,8,13,12,11,12,16,16,11,12,12,14,10,12
Elisha OWUSU,Ghana,182,12,8,10,9,8,13,11,14,13,12,10,14,14,14,15,14
Benjamin ASARE,Ghana,188,13,7,13,9,12,15,11,13,13,14,12,12,12,15,12,13
Abdul Rahman BABA,Ghana,180,13,10,12,10,12,11,11,11,13,14,11,13,11,14,10,12
Jerome OPOKU,Ghana,197,10,5,8,8,7,12,15,17,7,16,19,5,15,13,13,14
Inaki WILLIAMS ARTHUER,Ghana,186,14,15,14,10,11,10,13,13,17,17,12,11,7,7,13,12
Augustine BOAKYE,Ghana,178,11,12,12,8,12,12,8,8,15,16,9,10,6,9,4,10
Kojo Peprah OPPONG,Ghana,188,12,7,11,8,9,13,12,12,13,14,14,13,13,14,11,11
Kamal Deen SULEMANA,Ghana,174,14,10,15,10,10,14,5,7,18,18,8,8,3,6,5,12
Derrick LUCKASSEN,Ghana,188,12,7,10,11,9,13,14,15,12,13,12,14,14,13,13,13
Ernest Nuamah APPIAH,Ghana,178,15,12,16,11,13,13,9,10,16,16,10,9,4,4,9,14
Prince Kwabena ADU,Ghana,179,13,15,12,8,8,9,8,13,15,15,11,15,3,5,5,10
Marvin Elom SENAYA,Ghana,179,14,7,11,9,10,13,9,9,15,15,10,11,12,12,12,12
Johny PLACIDE,Haiti,181,7,2,9,3,3,11,9,14,10,8,12,11,1,3,11,13
Carlens Jean Fedlaire Ruby ARCUS,Haiti,180,11,7,11,7,12,13,10,13,14,15,12,12,11,13,11,11
Keeto THERMONCY,Haiti,185,9,4,7,4,5,10,12,13,12,11,13,11,11,12,11,10
Ricardo ADE,Haiti,190,8,5,8,6,7,10,15,16,11,12,14,14,15,14,16,14
Hannes Piterson D DELCROIX,Haiti,185,12,8,8,10,8,13,14,13,14,12,13,13,13,13,14,13
Carl Fred SAINTE,Haiti,185,10,6,6,7,7,11,13,14,11,12,11,12,10,11,10,10
Derrick Burckley ETIENNE JR,Haiti,179,13,10,12,8,9,11,6,10,15,14,9,12,7,9,9,10
Martin Yves Roberns Didier EXPERIENCE,Haiti,178,10,8,11,10,14,12,10,11,12,12,9,12,13,12,13,12
Duckens NAZON,Haiti,181,11,11,11,7,3,11,11,15,13,12,13,16,7,10,9,13
Jean Ricner BELLEGARDE,Haiti,170,15,9,15,12,13,13,8,15,14,15,7,12,8,9,8,13
Don Deedson LOUICIUS,Haiti,178,12,12,12,11,9,10,8,11,14,14,9,10,5,6,5,12
Alexandre Jr PIERRE,Haiti,190,1,1,1,1,1,8,1,13,8,8,14,12,1,1,11,11
Markhus LACROIX,Haiti,175,13,7,11,6,11,11,10,11,13,12,10,9,13,14,13,11
Garven-Michee METUSALA,Haiti,185,8,9,8,5,8,10,11,12,10,10,11,10,11,12,12,11
Ruben Fritzner PROVIDENCE,Haiti,178,12,7,11,7,8,10,7,10,13,13,8,10,4,4,5,7
Lenny Alvin Pico JOSEPH,Haiti,183,12,11,14,7,12,12,11,8,13,14,11,13,10,8,6,9
Danley JEAN JACQUES,Haiti,182,10,10,10,13,10,11,8,12,13,13,10,13,11,12,13,14
Wilson ISIDOR,Haiti,186,14,15,12,13,10,11,12,11,15,15,12,12,5,9,9,13
Yassin Enzo FORTUNE,Haiti,186,13,12,13,12,11,9,8,13,14,14,13,12,5,4,4,8
Frantzdy PIERROT,Haiti,194,11,13,9,11,9,11,16,17,10,12,16,17,7,6,5,12
Josue Jeremie CASIMIR,Haiti,178,12,11,12,11,14,12,8,15,15,15,9,13,12,9,6,11
Jean-Kévin DUVERNE,Haiti,186,12,6,10,6,10,12,14,14,12,11,14,13,13,13,13,12
Josue DUVERGER,Haiti,187,7,1,1,1,1,11,1,12,9,7,12,10,1,1,11,8
Wilguens Raphael Polynice PAUGAIN,Haiti,180,10,9,5,8,10,11,12,12,11,12,13,11,12,12,11,11
Dominique Celidor SIMON,Haiti,179,11,10,10,12,5,12,9,11,12,10,8,9,9,10,12,11
Olivier Woodensky PIERRE,Haiti,180,7,3,2,7,4,7,10,13,9,7,17,8,14,10,11,14
Ali Reza SAFARBEIRANVAND,IR Iran,195,8,2,3,3,3,12,8,15,9,11,16,9,2,2,12,12
Saleh HARDANI KHERAD,IR Iran,176,12,7,12,8,12,10,9,8,14,13,8,13,9,9,9,10
Ehsan HAJI SAFI,IR Iran,176,12,9,10,12,13,13,9,12,10,10,9,12,10,11,12,12
Shojae KHALILZADEH,IR Iran,182,11,5,6,4,8,11,15,13,9,8,10,13,13,13,13,13
Milad MOHAMMADIKESHMARZI,IR Iran,175,11,7,11,10,11,10,10,11,14,13,9,12,11,12,10,11
Saeid EZATOLAHI AFAGH,IR Iran,190,14,11,12,12,12,14,14,14,9,12,15,11,11,12,12,13
Alireza JAHANBAKHSH JIRANDEH,IR Iran,180,14,12,14,14,14,14,9,10,11,11,11,12,6,5,7,11
Mohammad MOHEBBI,IR Iran,185,14,13,14,11,9,12,13,13,15,15,13,13,5,7,4,6
Mehdi TAREMI,IR Iran,187,15,14,12,11,11,14,13,13,12,13,14,14,6,8,8,14
Mehdi GHAYEDI,IR Iran,166,15,13,16,12,12,13,5,4,16,8,2,16,5,6,6,13
Ali ALIPOURGHARA,IR Iran,181,12,13,12,11,8,9,13,12,14,13,12,12,4,7,8,10
Seyedpayam NIAZMAND,IR Iran,192,10,1,2,1,3,10,9,13,7,10,14,9,3,3,13,12
Mohammadhossein KANANI ZADEGAN,IR Iran,188,11,3,8,9,8,11,16,15,11,12,12,12,14,13,12,12
Seyed Saman GHODDOOS,IR Iran,176,14,11,14,12,13,13,9,11,12,9,8,15,8,10,10,13
Roozbeh CHESHMI,IR Iran,192,11,7,9,10,7,12,15,16,8,11,16,10,12,14,12,14
Mahdi TORABI,IR Iran,180,14,11,14,13,12,14,8,11,13,13,10,13,5,7,8,8
Arya YOUSEFI,IR Iran,181,12,7,12,9,11,11,10,9,14,14,10,11,9,10,9,10
Amirhossein HOSSEINZADEHTAZEHGHESHLAGH,IR Iran,178,12,14,13,8,10,13,10,9,14,14,9,14,8,7,7,11
Ali NEMATI,IR Iran,182,11,6,10,11,11,12,13,14,10,10,14,12,11,12,12,10
Shahriyar MOGHANLOO,IR Iran,192,13,14,12,13,9,12,14,15,11,14,15,11,5,7,5,12
Mohammad GHORBANI,IR Iran,190,14,7,10,10,10,13,13,13,11,13,13,10,9,11,12,12
Seyedhossein HOSSEINI,IR Iran,189,10,2,3,3,1,13,1,15,11,10,14,11,1,3,12,11
Ramin REZAEIANSEMESKANDI,IR Iran,184,13,11,11,9,15,13,11,12,12,12,11,12,10,12,9,13
Dennis DARGAHI,IR Iran,182,12,15,11,11,9,9,13,12,12,12,11,12,6,7,8,12
Danial IRI,IR Iran,185,12,5,4,8,1,11,12,8,13,13,15,8,14,14,14,10
Amirmohammad RAZAGHINIA,IR Iran,186,11,10,11,11,7,12,10,10,12,14,11,11,14,11,11,10
Fahad Talib Raheem RAHEEM,Iraq,192,3,3,1,1,3,8,1,6,12,10,15,8,2,3,11,10
Rebin Ghareeb Solaka ADHAMAT,Iraq,192,5,2,4,2,4,5,13,15,11,11,15,10,13,12,14,13
Hussein Haydar Hussein ALI,Iraq,182,11,5,10,9,11,10,9,9,13,14,10,12,11,12,12,11
Zaid Tahseen Abd Zaid HANTOOSH,Iraq,199,6,2,5,9,3,8,15,14,11,13,17,9,15,12,10,11
Akam Hashim Rahman RAHMAN,Iraq,184,9,3,4,4,1,6,11,12,11,10,13,14,13,11,13,13
Munaf Younus Hashim AL-TEKREETI,Iraq,190,8,5,3,1,3,10,14,14,9,10,15,8,10,13,12,13
Youssef Wali Faeq AMYN,Iraq,172,15,8,14,9,10,11,6,6,14,13,6,12,5,6,6,8
Ibrahim Bayesh Kamil AL-KAABAWI,Iraq,177,15,10,13,13,14,13,10,11,13,12,10,13,5,6,6,12
Ali Ibrahim Karim ALZUBAIDI,Iraq,184,11,10,11,6,7,8,9,13,15,16,12,13,6,7,4,10
Mohanad Ali Kadhim AL-SHAMMARI,Iraq,183,13,13,13,8,9,10,13,12,14,14,12,12,6,9,7,12
Ahmed Ihab Ahmed AHMED,Iraq,183,13,10,13,9,12,12,8,9,13,13,10,10,9,7,10,12
Jalal Hasan Hachim HACHIM,Iraq,188,8,1,1,1,1,15,2,8,12,12,9,8,3,1,12,13
Ali Yousif Hashim NAJATEE,Iraq,180,12,12,14,5,7,6,9,12,12,15,13,9,2,9,10,12
Zidane Aamar Iqbal IQBAL,Iraq,181,15,10,13,11,11,15,3,8,13,13,9,11,7,8,10,11
Ahmed Hasan Maknazi AL-DEESHAWEE,Iraq,182,11,5,7,6,10,10,7,8,13,15,10,9,10,14,12,14
Amir Fouad Aboud AL-AMMARI,Iraq,184,13,9,11,10,12,13,9,10,12,12,11,11,9,11,13,12
Ali Jasim Elaibi AL-TAMEEMI,Iraq,178,13,9,14,9,12,12,7,7,16,15,9,10,4,5,5,10
Aymen Hussein Ghadhban GHADHBAN,Iraq,196,11,14,11,10,6,8,16,15,12,14,15,11,6,6,6,12
Kevin Enkido Yakob William WILLIAM,Iraq,184,14,11,14,11,12,13,8,11,13,13,10,12,7,8,9,13
Aimar Hazar Anwar SHER,Iraq,184,13,7,12,10,12,12,6,8,11,12,10,7,13,13,13,13
Marko Jabbar Hussein HUSSEIN,Iraq,184,14,12,15,13,11,12,5,11,13,13,12,13,6,8,7,12
Ahmed Basil Fadhil AL-FADHLI,Iraq,184,10,1,3,1,1,9,7,12,9,11,12,11,1,1,11,12
Merchas Ghazi Salih SALIH,Iraq,173,13,8,11,6,13,12,12,12,14,14,6,12,11,14,13,11
Zaid Ismael Khaleel AL-DULAIMI,Iraq,185,13,7,4,10,8,10,8,7,9,12,13,5,10,13,14,12
Mustafa Saadoon Abbood AL-KORJI,Iraq,182,10,3,10,7,14,10,8,10,14,14,8,10,9,12,11,9
Frans Dhia Jirjis HADDAD,Iraq,181,10,8,10,12,11,11,13,11,12,11,12,11,12,11,12,12
Zion SUZUKI,Japan,190,12,3,8,9,7,13,5,15,11,12,15,15,8,10,13,10
Yukinari SUGAWARA,Japan,179,13,8,11,12,14,15,10,11,13,13,11,12,11,12,11,13
Shogo TANIGUCHI,Japan,183,12,7,8,5,8,11,15,12,11,11,12,12,13,14,15,14
Kou ITAKURA,Japan,188,12,7,11,8,8,13,14,13,13,14,15,14,15,14,14,14
Yuto NAGATOMO,Japan,170,10,6,10,10,10,8,10,12,14,13,8,12,11,11,12,12
Shuto MACHINO,Japan,185,14,13,12,12,10,12,12,11,13,16,12,12,7,7,7,13
Ao TANAKA,Japan,180,15,11,12,12,10,15,8,10,12,13,10,12,12,12,12,13
Takefusa KUBO,Japan,173,16,14,17,11,13,15,7,11,14,13,7,15,6,6,7,15
Keisuke GOTO,Japan,191,10,2,2,1,2,9,8,16,14,13,14,15,2,2,14,10
Ritsu DOAN,Japan,172,16,13,15,16,13,13,11,11,15,14,8,12,9,11,10,13
Daizen MAEDA,Japan,173,6,12,12,9,7,10,10,10,18,18,7,8,7,8,10,11
Keisuke OSAKO,Japan,188,10,2,2,1,2,9,8,16,14,13,14,15,2,2,14,10
Keito NAKAMURA,Japan,181,15,13,13,12,12,13,8,11,14,15,11,12,6,8,6,13
Junya ITO,Japan,176,14,13,13,11,14,13,6,9,14,13,7,12,8,7,8,12
Daichi KAMADA,Japan,180,14,12,13,13,12,13,7,10,12,13,11,13,10,12,12,12
Tsuyoshi WATANABE,Japan,186,11,7,8,11,8,10,14,13,13,13,14,14,14,14,14,14
Yuito SUZUKI,Japan,175,14,12,12,13,9,12,7,8,15,15,7,12,7,7,7,12
Ayase UEDA,Japan,182,12,15,11,14,13,10,14,13,13,13,13,14,5,5,5,14
Koki OGAWA,Japan,186,12,14,12,10,9,11,14,10,13,12,13,12,5,5,7,12
Ayumu SEKO,Japan,185,9,6,8,6,5,12,13,14,12,13,13,12,13,14,12,15
Hiroki ITO,Japan,188,13,7,11,8,12,15,13,13,13,15,14,14,15,13,15,14
Takehiro TOMIYASU,Japan,187,13,8,13,9,11,12,12,13,13,13,14,13,13,15,14,14
Tomoki HAYAKAWA,Japan,187,10,2,1,3,3,11,1,11,12,12,13,13,2,3,10,11
Kaishu SANO,Japan,176,12,7,13,8,8,12,13,14,14,15,12,16,12,14,13,16
Junnosuke SUZUKI,Japan,180,12,6,11,6,7,13,12,12,13,13,11,12,13,13,13,13
Kento SHIOGAI,Japan,180,12,15,16,12,12,12,9,10,13,12,10,12,7,6,5,15
Yazeed Mo'ien Hasan ABULAILA,Jordan,188,8,2,3,3,1,9,3,12,8,9,13,10,2,1,12,12
Mohammad Ali Hasan ABUHASHEESH,Jordan,177,6,1,2,6,12,9,9,6,14,14,10,7,10,10,11,11
Abdallah Mousa Musallam NASIB,Jordan,184,10,5,7,5,7,11,14,13,11,12,13,11,13,14,12,11
Husam Ali Mohammad ABUDAHAB,Jordan,186,8,5,1,3,2,9,14,10,14,14,12,9,13,12,12,8
Yazan Mousa Mahmoud ALARAB,Jordan,188,11,6,10,6,6,13,13,14,13,12,13,13,13,13,14,13
Amer Rasem Adel JAMOUS,Jordan,177,11,6,11,7,8,11,8,7,14,10,7,13,11,11,12,11
Mohammad Faisal Yousef ABU ZRAIQ,Jordan,168,6,1,2,6,12,9,9,6,14,14,10,7,10,10,11,11
Noor Al-Deen Mahmoud Ali AL RAWABDEH,Jordan,179,12,6,13,7,7,12,9,6,13,13,12,6,8,10,11,10
Ali Iyad Ali OLWAN,Jordan,184,12,16,12,8,10,11,8,12,13,12,11,11,6,7,6,11
Mousa Mohammad Mousa SULEIMAN,Jordan,178,13,12,16,12,9,10,7,8,16,17,7,9,6,5,6,12
Odeh Burhan Shehadeh FAKHOURY,Jordan,180,8,12,14,9,12,12,14,7,10,13,8,9,8,3,8,8
Noureddin Zaid Khaleel BANI ATEYAH,Jordan,179,13,10,13,7,12,12,9,8,13,12,8,11,6,7,7,11
Mahmoud Nayef Ahmad ALMARDI,Jordan,173,14,9,14,10,12,12,9,10,12,11,9,14,7,7,6,12
Raja'ei Ayed Fadel HASAN,Jordan,175,14,9,13,6,9,8,8,6,14,14,5,9,8,8,8,9
Ibrahim Mohammad Sami SA'DEH,Jordan,175,6,1,2,6,12,9,9,6,14,14,10,7,10,10,11,11
Mohammad Majed Jamil ABUALNADI,Jordan,186,13,8,12,9,11,11,8,8,13,12,8,13,8,9,10,11
Saleem Amer Saleem OBAID,Jordan,185,10,7,1,5,8,10,10,13,9,10,13,12,13,11,10,10
Mohammad Ahmed Mohammad TAHA,Jordan,182,6,1,2,6,12,9,9,6,14,14,10,7,10,10,11,11
Sa'ed Ahmad Salameh ALROSAN,Jordan,188,14,9,13,6,9,8,8,6,14,14,5,9,8,8,8,9
Mohannad Mahmoud Saleh ABU TAHA,Jordan,176,13,8,12,9,11,11,8,8,13,12,8,13,8,9,10,11
Nizar Mahmoud Ahmed AL-RASHDAN,Jordan,183,12,9,10,9,8,11,12,12,12,12,11,12,12,12,12,11
Abdallah Ra'ed Mahmoud ALFAKHORI,Jordan,187,9,2,3,2,3,9,1,10,10,12,12,10,3,1,12,11
Ehsan Manel Farhan HADDAD,Jordan,174,11,6,10,9,9,11,12,12,12,12,12,12,12,12,11,11
Ali Ahmad Ali AZAIZEH,Jordan,179,11,11,11,3,12,10,5,7,13,12,8,12,7,4,7,7
Mohammad Ratib Mohammad ALDAOUD,Jordan,177,13,9,12,12,12,13,12,13,13,13,13,12,13,13,13,12
Anas Said Ghazi BADAWI,Jordan,174,6,2,5,3,9,5,5,3,13,12,12,6,10,13,11,11
Seunggyu KIM,Korea Republic,189,10,1,1,2,1,10,10,12,9,9,13,12,1,3,12,13
Hanbeom LEE,Korea Republic,190,12,8,10,8,8,13,12,14,12,12,15,12,13,12,12,11
Gihyuk LEE,Korea Republic,184,11,7,9,12,12,14,10,10,13,10,10,11,9,10,13,14
Minjae KIM,Korea Republic,190,12,6,10,7,7,14,15,16,14,14,16,16,16,16,16,16
Taehyeon KIM,Korea Republic,187,11,6,11,5,9,12,13,12,15,12,16,13,10,8,13,14
Inbeom HWANG,Korea Republic,177,16,9,14,12,11,16,8,8,13,11,8,12,9,8,12,14
Heung Min SON,Korea Republic,183,17,16,11,16,12,12,5,10,15,15,10,12,5,6,7,15
Seungho PAIK,Korea Republic,182,14,9,12,10,12,14,8,11,12,12,13,13,8,11,13,12
Guesung CHO,Korea Republic,188,12,14,12,12,9,11,15,14,11,13,14,13,10,5,7,13
Jae Sung LEE,Korea Republic,180,14,12,13,10,11,13,15,9,13,12,12,10,10,12,11,14
Hee Chan HWANG,Korea Republic,177,13,15,14,10,10,11,11,11,15,14,11,13,6,8,9,12
Bumkeun SONG,Korea Republic,194,10,2,2,1,2,11,2,12,12,9,17,9,2,2,12,11
Taeseok LEE,Korea Republic,174,10,11,10,10,12,11,7,10,14,12,9,9,12,12,12,10
Wije CHO,Korea Republic,189,12,8,8,8,7,10,14,11,8,11,11,13,13,11,14,15
Moonhwan KIM,Korea Republic,173,12,8,11,8,10,12,10,12,12,13,10,13,13,12,12,12
Jinseob PARK,Korea Republic,184,13,9,11,8,10,13,13,13,12,13,12,13,13,11,14,13
Junho BAE,Korea Republic,180,13,7,13,9,11,12,8,10,15,9,9,15,7,7,12,10
Hyeongyu OH,Korea Republic,187,12,13,12,10,9,9,12,14,12,12,13,13,5,7,9,12
Kangin LEE,Korea Republic,173,16,13,16,15,13,15,8,10,14,13,8,13,6,6,8,14
Hyunjun YANG,Korea Republic,176,13,9,14,10,12,12,8,7,14,14,9,13,8,10,10,13
Hyeonwoo JO,Korea Republic,189,4,4,4,4,5,6,12,12,12,12,12,13,5,5,14,14
Youngwoo SEOL,Korea Republic,183,12,8,11,9,12,11,10,12,13,12,10,13,13,13,13,13
Jens CASTROP,Korea Republic,177,12,8,14,10,10,11,7,11,14,15,8,11,11,16,11,12
Jingyu KIM,Korea Republic,177,14,11,13,14,9,15,8,11,12,12,5,11,6,11,11,13
Jisung EOM,Korea Republic,178,13,11,14,12,12,11,11,9,14,13,13,12,9,7,6,10
Donggyeong LEE,Korea Republic,176,14,12,14,10,11,14,7,10,13,13,7,10,9,10,10,13
José Raúl RANGEL AGUILAR,Mexico,190,8,2,1,2,3,10,1,15,12,14,15,11,2,2,12,15
Jorge Eduardo SÁNCHEZ RAMOS,Mexico,175,12,6,10,6,11,11,11,9,16,15,9,11,14,14,12,12
César Jasib MONTES CASTRO,Mexico,195,11,6,7,9,7,10,15,16,8,11,16,12,14,12,14,16
Edson Omar ÁLVAREZ VELÁZQUEZ,Mexico,187,13,11,8,8,7,13,12,12,12,12,15,15,15,15,14,13
Johan Felipe VÁSQUEZ IBARRA,Mexico,184,12,9,11,10,10,12,15,13,14,12,13,14,14,15,14,15
Erik Antonio LIRA MÉNDEZ,Mexico,172,14,10,10,13,12,14,9,7,11,11,8,12,14,12,15,14
Luis Francisco ROMO BARRÓN,Mexico,182,13,11,9,12,12,13,11,12,12,14,11,15,12,12,12,13
Álvaro FIDALGO FERNÁNDEZ,Mexico,174,15,12,15,12,13,17,6,7,14,14,6,13,7,6,11,15
Raúl Alonso JIMÉNEZ RODRÍGUEZ,Mexico,188,14,14,13,13,11,13,13,13,13,13,15,14,8,9,10,13
Ernesto Alexis VEGA ROJAS,Mexico,175,15,14,15,15,12,12,13,14,14,13,13,14,5,7,13,14
Santiago Tomás GIMENEZ,Mexico,185,13,16,13,14,9,13,15,14,12,13,12,16,7,8,7,16
Carlos ACEVEDO LÓPEZ,Mexico,184,11,1,4,12,1,10,2,12,13,9,14,14,5,1,12,13
Francisco Guillermo OCHOA MAGAÑA,Mexico,190,9,3,3,7,4,11,3,12,9,10,15,12,6,7,16,12
Armando GONZÁLEZ ALBA,Mexico,179,12,14,11,13,9,12,13,9,12,11,9,9,6,6,8,12
Israel REYES ROMERO,Mexico,180,14,8,9,8,9,14,16,12,14,14,11,15,16,16,13,15
Julián Andrés QUIÑONES QUIÑONES,Mexico,180,14,15,12,12,10,12,15,12,14,13,11,14,6,7,8,15
Orbelín PINEDA ALVARADO,Mexico,169,16,10,14,12,13,14,9,8,15,14,5,12,11,10,11,12
Obed Goméz VARGAS,Mexico,175,12,9,12,8,11,13,9,9,12,11,7,12,12,12,12,13
Gilberto Rafael MORA ZAMBRANO,Mexico,168,16,12,14,11,13,14,6,5,13,12,5,13,4,6,4,8
Mateo CHÁVEZ GARCÍA,Mexico,177,13,8,12,7,12,12,7,9,14,13,9,14,12,13,12,14
César Saúl HUERTA VALERA,Mexico,172,13,12,13,12,12,13,10,13,13,12,9,12,8,7,11,12
Guillermo MARTÍNEZ AYALA,Mexico,191,11,14,12,12,7,11,16,16,9,10,16,15,6,5,7,14
Jesús Daniel GALLARDO VASCONCELOS,Mexico,178,13,11,12,12,13,13,12,7,14,14,12,11,12,14,16,13
Luis Gerardo CHÁVEZ MAGALLÓN,Mexico,178,15,10,14,15,12,13,9,10,12,13,9,13,9,13,12,13
Roberto Carlos ALVARADO HERNÁNDEZ,Mexico,176,13,14,16,13,15,13,11,9,15,13,9,12,7,7,8,13
Brian GUTIÉRREZ,Mexico,178,16,13,13,14,12,15,6,8,13,13,12,12,8,8,11,11
Yassine BOUNOU,Morocco,192,9,3,3,1,2,10,8,13,9,10,16,9,3,1,15,15
Achraf HAKIMI,Morocco,181,14,13,15,13,15,15,11,12,18,18,11,14,13,13,13,13
Noussair MAZRAOUI,Morocco,183,16,9,14,12,12,14,11,10,14,14,11,12,11,14,12,13
Sofyan AMRABAT,Morocco,183,14,10,10,11,12,16,13,16,11,12,13,13,15,15,13,14
Marwane SAADANE,Morocco,179,12,6,9,10,9,12,14,15,9,12,14,10,13,14,14,13
Ayyoub BOUADDI,Morocco,186,15,8,13,7,13,15,10,14,12,12,11,11,15,14,14,14
Chemsdine TALBI,Morocco,175,14,12,13,12,15,13,9,12,14,13,9,10,9,8,12,12
Azz-Eddine OUNAHI,Morocco,182,16,8,15,7,11,15,11,9,13,13,11,11,10,11,12,12
Souane RAHIMI,Morocco,183,15,12,14,11,12,12,10,12,15,14,11,13,6,7,7,13
Brahim ABDELKADER DIAZ,Morocco,170,16,13,16,12,13,15,6,7,16,14,6,14,7,8,9,14
Ismael SAIBARI,Morocco,185,15,11,14,12,12,13,13,12,14,14,13,12,5,6,5,11
Monir EL KAJOUI,Morocco,190,9,1,1,1,1,10,1,14,11,12,13,12,1,1,14,12
Zakaria EL OUAHDI,Morocco,175,13,12,12,12,13,12,11,12,14,14,9,12,12,12,11,11
Issa Laye Lucas Jean DIOP,Morocco,196,12,6,12,9,3,9,15,16,14,14,17,14,12,15,12,13
Samir EL MOURABET,Morocco,186,14,9,13,11,9,14,12,12,11,11,12,12,10,11,9,10
Gessime Ben Youssef Mustapha YASSINE,Morocco,172,15,12,14,13,11,11,7,6,13,14,7,12,7,7,12,10
Mohamed Amine SBAI,Morocco,175,14,11,15,12,9,12,7,8,14,12,8,13,6,7,7,10
Chadi RIAD,Morocco,187,13,6,12,7,7,12,14,13,13,14,15,14,13,13,14,13
Youssef BELAMMARI,Morocco,180,13,8,13,11,13,13,9,11,13,13,9,11,12,12,11,13
Ayoub EL KAABI,Morocco,182,12,16,11,10,6,11,16,14,14,13,13,13,8,8,7,17
Ayoube AMAIMOUNI,Morocco,178,15,6,12,8,8,10,7,3,15,15,7,11,10,7,6,9
Ahmed Reda TAGNAOUTI,Morocco,192,4,3,2,1,2,6,1,7,11,8,16,10,2,1,14,13
Bilal EL KHANNOUSS,Morocco,180,16,11,14,12,12,15,8,8,14,14,10,12,7,10,8,12
Neil Yoni EL AYNAOUI,Morocco,186,15,8,14,9,10,13,7,13,12,13,13,13,13,12,13,12
Redouane HALHAL,Morocco,188,9,2,6,6,2,10,12,12,12,12,13,12,14,12,13,11
Anass SALAH EDDINE,Morocco,180,14,4,13,4,11,13,9,10,14,14,10,12,10,10,10,11
Bart VERBRUGGEN,Netherlands,193,14,1,11,1,12,16,6,10,12,12,16,12,2,2,12,11
Lutsharel Emiliano GEERTRUIDA,Netherlands,184,13,8,12,9,11,14,14,14,13,13,13,15,13,13,13,13
Marten Elco DE ROON,Netherlands,186,12,10,10,11,10,15,14,14,11,12,14,16,14,17,16,15
Virgil VAN DIJK,Netherlands,195,16,7,10,5,4,16,17,18,14,15,17,14,16,17,17,18
Nathan Benjamin AKE,Netherlands,180,14,8,13,10,10,14,15,15,15,15,12,13,16,15,15,16
Jan-Paul VAN HECKE,Netherlands,189,14,6,13,5,10,14,15,14,12,13,15,14,15,17,16,15
Justin Dean KLUIVERT,Netherlands,173,17,14,16,13,10,14,7,8,17,16,7,12,3,6,6,12
Ryan Jiro GRAVENBERCH,Netherlands,190,16,9,15,10,11,15,12,13,15,14,12,15,12,13,14,16
Wout François Maria WEGHORST,Netherlands,197,13,15,11,8,6,12,16,16,10,11,17,16,7,8,6,15
Memphis DEPAY,Netherlands,178,17,14,15,14,13,15,10,15,14,15,9,14,3,3,5,13
Cody Mathès GAKPO,Netherlands,193,15,13,15,14,13,14,13,13,15,14,13,15,9,8,10,14
Mats Henrik Berne WIEFFER,Netherlands,188,13,6,11,12,7,13,13,11,13,13,15,15,12,15,12,14
Robin Gerardus Petrus ROEFS,Netherlands,193,13,2,2,3,3,7,5,9,12,16,15,12,1,2,13,13
Tijjani Martinus Jan REIJNDERS,Netherlands,185,15,14,14,15,12,15,11,12,14,14,11,14,10,8,11,14
Micky VAN DE VEN,Netherlands,193,13,7,13,7,11,13,13,15,16,20,15,14,14,16,14,15
Guus Berend TIL,Netherlands,186,13,14,12,12,11,12,12,13,13,12,13,14,7,6,7,16
Noa Noëll LANG,Netherlands,170,15,13,15,14,14,14,9,10,15,14,10,11,6,6,6,12
Donyell MALEN,Netherlands,176,14,15,15,13,11,12,12,12,16,16,8,13,6,6,6,14
Brian Ebenezer Adjei BROBBEY,Netherlands,180,14,13,11,12,6,11,7,18,14,14,12,16,5,4,5,13
Teun KOOPMEINERS,Netherlands,184,14,13,12,16,14,15,10,14,12,12,12,15,11,14,14,14
Frenkie DE JONG,Netherlands,182,17,11,17,10,14,17,9,11,13,13,9,15,9,12,14,16
Denzel Justus Morris DUMFRIES,Netherlands,188,12,15,12,13,13,12,17,17,17,18,17,18,10,14,11,14
Mark Maria Hubertus FLEKKEN,Netherlands,194,13,2,2,2,2,13,4,15,8,9,17,13,3,1,14,13
Crysencio Jilbert Sylverio Cir SUMMERVILLE,Netherlands,174,13,14,16,13,12,11,5,5,18,16,5,14,4,5,4,13
Jorrel Evan HATO,Netherlands,182,14,7,10,10,12,12,12,13,14,14,12,15,13,13,14,11
Quinten Ryan Crispito TIMBER,Netherlands,177,14,8,13,10,10,13,8,14,14,14,11,14,11,12,12,14
Maxime Teremoana CROCOMBE,New Zealand,194,8,3,2,1,3,8,3,13,11,11,16,11,3,3,12,12
Timothy John PAYNE,New Zealand,179,11,9,10,9,14,13,12,13,10,9,10,12,11,14,13,13
Francis DE VRIES,New Zealand,188,10,5,8,9,14,13,11,12,11,12,12,12,11,12,12,11
Tyler Grant BINDON,New Zealand,190,12,7,7,8,7,11,14,13,11,14,15,10,14,12,12,12
Michael Joseph BOXALL,New Zealand,188,8,5,9,5,3,8,14,16,10,11,15,13,12,14,13,13
Joe Zen Robert BELL,New Zealand,182,11,8,11,9,10,12,6,12,11,12,10,14,11,14,15,14
Logan Tipene ROGERSON,New Zealand,182,13,11,13,12,9,8,8,10,15,14,9,12,6,7,6,9
Marko Seufatu Nikola STAMENIC,New Zealand,188,14,9,11,8,9,13,12,13,11,14,14,9,12,13,12,12
Christopher Grant WOOD,New Zealand,191,13,13,11,11,9,13,15,15,12,11,16,16,7,9,11,14
Sarpreet SINGH,New Zealand,175,14,10,13,11,12,14,6,8,12,12,10,12,8,10,8,10
Elijah Henry JUST,New Zealand,174,12,9,13,10,11,12,6,9,13,12,7,11,5,5,6,9
Alexander Noah PAULSEN,New Zealand,184,9,2,7,3,2,13,6,10,10,9,12,11,2,2,13,12
Liberato Gianpaolo CACACE,New Zealand,183,13,9,13,12,14,13,11,10,14,14,10,14,11,13,12,11
Alex Arthur RUFER,New Zealand,184,13,10,10,13,10,14,9,13,9,8,11,12,9,14,13,13
Nando Zen PIJNAKER,New Zealand,191,11,7,7,10,8,12,12,14,10,11,15,13,13,13,12,11
Finn SURMAN,New Zealand,190,10,5,8,3,4,10,13,14,10,12,14,11,13,14,12,12
Kosta BARBAROUSES,New Zealand,171,14,13,12,9,12,8,5,8,14,13,6,11,5,8,6,13
Benjamin Peter WAINE,New Zealand,179,12,12,12,12,11,11,12,14,15,16,15,12,7,9,12,13
Benjamin Craig OLD,New Zealand,173,13,11,14,10,12,11,5,8,14,13,4,14,5,8,6,11
Callum William MCCOWATT,New Zealand,179,13,12,12,11,12,12,10,9,13,13,9,11,4,7,6,13
Jesse Carmichael RANDALL,New Zealand,176,11,10,11,7,8,8,7,6,14,15,10,10,4,4,4,9
Michael Cornelis WOUD,New Zealand,196,5,3,1,1,3,9,2,11,8,13,10,11,2,1,10,11
Ryan Jared THOMAS,New Zealand,174,15,6,14,10,11,15,10,9,12,12,9,12,7,5,10,13
Callan Rennie ELLIOT,New Zealand,177,12,8,12,9,11,10,6,8,13,11,7,10,10,12,9,10
Lachlan Ryan BAYLISS,New Zealand,178,13,10,14,8,10,9,8,6,12,10,9,10,8,8,6,10
Thomas Jefferson SMITH,New Zealand,188,6,6,5,4,5,9,11,13,5,5,10,12,11,11,13,10
Ørjan Haskjold NYLAND,Norway,192,11,3,5,5,8,13,5,14,11,12,16,13,3,7,13,13
Morten THORSBY,Norway,188,12,11,10,8,7,12,16,15,12,12,16,15,14,14,13,13
Kristoffer Vassbakk Köpp AJER,Norway,198,13,10,12,8,8,13,15,14,13,13,16,13,14,14,13,14
Leo Skiri ØSTIGÅRD,Norway,182,10,6,8,7,7,11,16,16,12,12,16,14,14,14,14,14
David Møller WOLFE,Norway,185,12,8,13,8,13,12,9,11,13,14,12,12,12,12,12,12
Patrick BERG,Norway,178,14,10,10,13,12,13,7,12,10,10,7,14,14,13,17,17
Alexander SØRLOTH,Norway,196,13,16,13,12,7,12,15,16,13,15,16,16,6,6,7,13
Sander Gard Bolin BERGE,Norway,195,14,10,13,11,11,15,9,13,13,13,12,14,11,14,13,14
Erling Braut HAALAND,Norway,195,14,18,14,13,10,13,15,17,17,19,18,17,6,7,7,19
Martín ØDEGAARD,Norway,178,19,13,17,16,15,18,8,11,13,13,9,16,9,10,10,18
Jørgen Strand LARSEN,Norway,194,14,14,13,12,6,13,14,16,12,14,16,15,8,5,8,14
Sander TANGVIK,Norway,193,10,3,1,2,3,13,7,10,9,11,12,9,3,3,13,10
Egil SELVIK,Norway,187,10,2,2,1,3,10,9,12,10,9,14,13,3,2,15,14
Fredrik AURSNES,Norway,180,14,9,13,9,13,14,8,12,13,14,11,17,11,10,16,12
Fredrik André BJØRKAN,Norway,180,12,9,14,8,12,11,10,11,16,14,10,14,10,12,11,12
Marcus Holmgren PEDERSEN,Norway,178,13,7,13,8,12,13,7,9,16,17,10,10,10,13,10,10
Torbjørn Lysaker HEGGEM,Norway,192,12,5,8,7,9,10,14,13,14,12,15,14,14,13,15,14
Kristian THORSTVEDT,Norway,189,14,14,13,12,6,14,14,15,12,12,14,15,8,10,12,12
Thelonious Gerard AASGAARD,Norway,188,15,11,14,13,11,13,11,11,13,12,12,14,6,7,8,12
Antonio Eromonsele Nordby NUSA,Norway,183,15,10,16,12,12,12,6,10,16,16,10,12,8,9,8,11
Andreas Rædergård SCHJELDERUP,Norway,177,15,13,14,13,13,14,8,12,14,14,8,14,6,8,7,12
Oscar BOBB,Norway,174,14,11,15,11,9,13,6,8,15,14,8,12,7,6,12,13
Jens Petter HAUGE,Norway,185,13,13,15,12,12,13,9,11,14,14,9,15,8,8,7,13
Sondre Klingen LANGÅS,Norway,190,10,7,9,5,5,10,14,15,12,14,15,14,13,13,15,14
Henrik Sælebakke FALCHENER,Norway,194,11,6,6,11,9,13,14,14,9,12,14,13,14,13,13,13
Julian RYERSON,Norway,183,11,8,12,10,12,12,12,13,13,13,12,15,13,14,13,12
Luis Ricardo MEJÍA CAJAR,Panama,191,9,1,7,12,2,9,3,14,11,14,15,15,2,1,11,12
Cesar Rodolfo BLACKMAN CAMARENA,Panama,174,13,7,14,5,13,13,6,6,16,14,7,8,10,9,7,12
Jose Angel CORDOBA CHAMBERS,Panama,185,10,5,9,8,6,11,13,16,14,15,15,13,13,15,11,13
Fidel ESCOBAR MENDIETA,Panama,182,10,6,7,6,7,12,12,13,12,13,13,8,13,12,12,12
Edgardo Issac FARIÑA WYNTER,Panama,194,11,8,8,7,9,12,14,14,10,12,16,13,10,13,13,13
Cristian Jesus MARTINEZ,Panama,170,12,11,11,9,10,11,9,13,12,12,7,12,8,9,10,12
Jose Luis RODRIGUEZ FRANCIS,Panama,180,12,11,14,7,14,12,11,13,15,15,11,12,7,7,5,12
Adalberto Eliecer CARRASQUILLA ALCAZAR,Panama,170,14,11,15,7,12,13,7,11,14,14,10,12,8,11,13,10
Tomas Abdiel RODRIGUEZ MENA,Panama,183,12,13,12,12,10,11,12,12,12,13,12,12,6,6,8,12
Ismael DIAZ DE LEON,Panama,181,14,14,13,12,9,13,11,15,12,15,12,15,5,6,9,15
Edgar Yoel BARCENAS HERRERA,Panama,175,13,11,11,14,12,12,8,10,12,12,8,10,8,8,12,11
Cesar Jair SAMUDIO MURILLO,Panama,188,4,1,1,1,1,9,1,8,11,13,8,8,1,1,13,10
Jiovany Javier RAMOS DIAZ,Panama,180,11,4,8,8,5,10,13,12,12,13,13,11,12,13,12,12
Carlos Miguel HARVEY CESNEROS,Panama,185,11,8,12,8,8,12,11,14,12,11,12,14,12,13,12,12
Eric Javier DAVIS GRAJALES,Panama,180,12,12,15,7,14,15,14,10,12,11,10,12,9,9,10,14
Andres Alberto ANDRADE CEDEÑO,Panama,187,11,6,11,10,9,11,12,13,14,13,12,12,13,15,14,12
Jose FAJARDO NELSON,Panama,180,11,14,12,9,9,11,15,16,12,13,12,14,7,8,8,14
Cecilio Alfonso WATERMAN RUIZ,Panama,181,10,12,10,11,10,10,13,16,12,11,13,15,6,8,6,13
Alberto Abdiel QUINTERO MEDINA,Panama,165,13,10,15,8,12,12,6,3,16,17,6,9,8,6,9,8
Anibal Casis GODOY LEMUS,Panama,183,14,10,10,11,9,15,13,14,11,10,12,11,13,13,12,14
Cesar Augusto YANIS VELASCO,Panama,160,13,9,12,8,8,11,5,3,14,14,4,10,8,8,6,11
Orlando MOSQUERA,Panama,191,10,2,2,2,1,11,10,12,9,8,14,8,1,2,13,12
Michael Amir MURILLO BERMUDEZ,Panama,183,12,11,11,10,14,14,13,13,14,15,13,12,13,13,13,13
Azarías Emmanuel LONDOÑO GONZALEZ,Panama,185,13,11,14,11,13,12,10,15,14,15,14,15,5,7,8,8
Roderick Alonso MILLER MOLINA,Panama,190,8,7,6,5,5,9,13,15,10,12,15,9,12,12,13,12
Jorge Abdiel GUTIERREZ CORNEJO,Panama,171,11,7,11,8,12,10,8,10,13,12,7,11,8,10,10,12
Roberto Junior FERNANDEZ TORRES,Paraguay,191,10,1,2,1,3,7,4,12,10,10,16,10,2,1,14,13
Victor Gustavo VELAZQUEZ RAMOS,Paraguay,179,7,6,7,6,7,10,16,12,12,12,16,11,14,13,13,14
Omar Federico ALDERETE FERNANDEZ,Paraguay,188,10,6,11,4,8,12,16,16,11,13,16,15,15,16,15,15
Juan Jose CACERES,Paraguay,173,10,12,12,9,13,13,14,8,13,12,10,14,13,15,13,13
Fabián Cornelio BALBUENA GONZÁLEZ,Paraguay,188,9,7,6,6,7,10,14,15,11,12,14,14,15,15,14,15
Júnior Osmar Ignacio ALONSO MUJICA,Paraguay,185,11,8,7,10,12,12,13,13,12,12,12,14,15,13,15,12
Ramón SOSA ACOSTA,Paraguay,178,13,9,15,10,11,11,9,9,16,16,10,11,7,9,9,10
Diego Alexander GOMEZ AMARILLA,Paraguay,183,13,12,12,13,9,14,11,14,13,13,12,13,11,13,12,12
Arnaldo Antonio SANABRIA AYALA,Paraguay,182,14,14,12,11,8,12,16,12,14,13,13,13,5,6,8,13
Miguel Angel ALMIRON REJALA,Paraguay,174,11,11,13,10,10,12,6,10,16,17,6,12,8,12,14,14
Mauricio MAGALHAES PRADO,Paraguay,175,14,12,14,13,12,14,8,7,14,13,8,12,7,8,8,13
Orlando Daniel GILL NOLDIN,Paraguay,198,8,3,1,2,3,10,2,16,7,7,16,13,2,2,13,12
Jose Maria CANALE DOMINGUEZ,Paraguay,187,13,7,13,6,7,12,15,15,13,13,14,14,14,13,13,13
Adrián Andrés CUBAS,Paraguay,169,12,7,10,11,10,14,3,10,14,13,4,8,14,14,13,16
Gustavo Raul GÓMEZ PORTILLO,Paraguay,185,11,7,8,6,9,11,15,16,13,12,14,13,15,15,16,16
Damián Josue BOBADILLA BENITEZ,Paraguay,180,14,14,13,14,11,13,9,10,14,11,9,10,12,11,13,13
Alejandro Sebastian ROMERO GAMARRA,Paraguay,171,14,14,11,9,9,10,9,12,13,12,12,12,9,13,11,10
Alex Adrian ARCE BARRIOS,Paraguay,187,13,16,12,12,8,10,15,16,10,11,15,14,5,5,10,13
Julio Cesar ENCISO ESPINOLA,Paraguay,173,16,14,16,17,12,13,8,12,15,14,7,14,6,7,8,9
Braian Oscar OJEDA RODRIGUEZ,Paraguay,173,11,12,12,11,8,13,12,11,14,12,8,15,11,12,13,12
Gabriel AVALOS STUMPFS,Paraguay,191,11,12,10,10,10,12,13,15,13,13,16,15,6,7,11,13
Gastón Hernán OLVEIRA ECHEVERRIA,Paraguay,191,8,1,1,2,3,9,8,11,14,7,14,12,3,1,13,12
Matias GALARZA FONDA,Paraguay,175,13,9,11,11,10,12,10,9,13,13,9,11,13,12,13,13
Gustavo Ruben CABALLERO GONZALEZ,Paraguay,178,10,12,13,12,10,12,9,12,15,14,9,12,8,8,8,9
Isidro Miguel PITTA SALDIVAR,Paraguay,183,13,14,11,14,9,14,13,15,12,13,13,13,8,12,13,12
Alexandro MAIDANA MENDIETA,Paraguay,178,9,9,12,11,12,9,2,10,15,13,10,7,11,12,11,11
Diogo MEIRELES DA COSTA,Portugal,188,13,2,3,2,2,14,5,12,12,12,13,12,3,1,12,16
Nélson CABRAL SEMEDO,Portugal,177,15,9,14,10,12,12,7,13,16,16,8,14,11,15,12,14
Rúben DOS SANTOS GATO ALVES DIAS,Portugal,187,13,6,12,4,11,14,15,16,13,13,16,12,17,17,17,16
Tomás LEMOS ARAÚJO,Portugal,187,14,7,11,5,9,14,12,12,15,16,13,13,14,16,14,15
José Diogo DALOT TEIXEIRA,Portugal,183,14,8,13,8,13,13,12,14,14,15,13,13,12,13,14,13
Matheus Luiz NUNES,Portugal,184,15,12,14,13,15,13,10,14,14,14,12,13,9,11,12,13
Cristiano Ronaldo DOS SANTOS AVEIRO,Portugal,187,17,18,13,15,11,13,19,15,11,10,15,13,3,5,4,18
Bruno Miguel BORGES FERNANDES,Portugal,179,17,15,11,15,16,18,9,10,13,13,9,13,3,8,7,17
Gonçalo MATIAS RAMOS,Portugal,185,14,15,13,12,10,13,15,14,13,14,13,15,7,8,8,14
Bernardo MOTA VEIGA DE CARVALHO E SILVA,Portugal,173,18,15,17,13,15,17,10,9,13,12,7,16,12,8,13,16
João FÉLIX SEQUEIRA,Portugal,181,18,13,16,13,14,16,10,9,13,13,10,14,4,7,6,14
José Pedro MALHEIRO DE SÁ,Portugal,192,8,2,2,2,3,9,8,12,9,9,13,12,1,2,14,15
Renato DA PALMA VEIGA,Portugal,190,13,7,12,11,9,13,13,14,12,14,14,14,14,15,13,14
Gonçalo BERNARDO INÁCIO,Portugal,185,14,11,12,9,11,15,16,14,12,13,15,14,16,13,15,12
João Pedro GONÇALVES NEVES,Portugal,174,14,11,15,11,12,15,14,13,14,13,12,15,13,15,12,13
Francisco António MACHADO MOTA DE CASTRO TRINCÃO,Portugal,183,17,15,16,15,15,16,9,11,14,13,12,16,6,8,8,13
Rafael Alexandre DA CONCEIÇÃO LEÃO,Portugal,188,14,14,17,13,14,14,11,14,18,17,16,15,3,4,4,13
Pedro LOMBA NETO,Portugal,172,16,13,18,13,14,13,7,7,16,16,7,11,5,5,6,9
Gonçalo Manuel GANCHINHO GUEDES,Portugal,179,14,13,14,13,13,13,8,12,15,15,10,12,7,7,7,13
João Pedro CAVACO CANCELO,Portugal,182,17,12,16,13,16,16,10,12,14,13,11,14,9,13,11,15
Rúben Diogo DA SILVA NEVES,Portugal,180,17,11,12,15,13,17,9,12,12,11,10,14,10,13,14,14
Rui Tiago DANTAS DA SILVA,Portugal,191,10,1,1,3,1,8,8,16,11,12,15,14,2,3,14,10
Vitor MACHADO FERREIRA,Portugal,172,16,12,17,14,13,17,7,11,13,13,8,16,15,14,15,16
Samuel DE ALMEIDA COSTA,Portugal,185,13,10,11,12,8,14,8,14,12,12,12,13,13,16,16,15
Nuno Alexandre TAVARES MENDES,Portugal,180,14,10,15,10,15,14,9,13,18,18,10,14,12,14,13,14
Francisco FERNANDES DA CONCEIÇÃO,Portugal,166,16,13,17,14,13,13,6,10,17,15,7,16,4,8,9,13
Mahmoud Ibrahim M ABUNADA,Qatar,186,9,1,8,1,3,9,1,10,10,10,12,12,1,1,12,10
Pedro Miguel D D CORREIA,Qatar,180,11,8,10,8,9,11,12,13,11,11,12,12,11,13,13,12
Lucas Michel MENDES,Qatar,184,12,8,9,9,10,12,14,15,10,10,12,13,13,13,13,12
Gueye SEYDINAISSALAYE,Qatar,178,12,6,8,8,5,13,14,16,12,13,15,11,13,12,13,11
Jassem Gaber E ABDULSALLAM,Qatar,182,13,7,11,7,8,11,11,11,11,12,11,11,12,12,12,10
Abdelaziz Hatim A MOHAMED,Qatar,182,13,11,10,13,11,14,10,12,9,9,10,12,11,12,13,12
Ahmed Alaaeldin B M ABDELMOTAAL,Qatar,176,11,12,11,11,10,11,13,11,12,11,9,13,8,9,8,11
Edmilson Junior P DASILVA,Qatar,182,15,13,15,13,13,13,8,10,12,13,10,12,6,6,6,12
Mohammed MUNTARI,Qatar,194,13,13,10,10,8,11,13,14,10,14,15,9,6,8,6,12
Hasan Khalid H ALHAYDOS,Qatar,174,16,12,14,12,13,14,7,8,12,8,7,15,6,7,7,13
Akram Hassan A Y AFIF,Qatar,176,16,13,16,12,13,13,4,9,16,14,8,14,4,5,6,12
Karim BOUDIAF,Qatar,190,16,8,10,12,10,14,14,15,9,11,15,10,11,12,13,14
Ayoub Mohamed ALOUI,Qatar,187,12,6,11,9,9,10,12,14,14,13,15,12,12,13,12,8
Homam Elamin M AHMED,Qatar,188,13,8,12,8,11,12,11,13,12,14,13,11,9,10,10,12
Yusuf Abdurisag YUSUF,Qatar,177,11,12,11,10,10,10,9,8,14,11,8,13,9,8,7,10
Boualem KHOUKHI,Qatar,185,12,8,10,8,9,12,14,13,10,11,12,13,13,12,14,13
Ahmed Mohamed H K ALGANEHI,Qatar,175,12,11,13,9,10,11,10,8,15,12,8,14,7,8,7,11
Sultan Hussain M H AL-BRAKE,Qatar,175,12,7,11,11,11,9,12,8,12,11,8,11,11,11,10,11
Almoez Ali Zainelabdeen M ABDULLA,Qatar,180,14,14,14,12,10,12,12,11,14,13,10,12,7,7,7,12
Ahmed Fathy M ABDOULLA,Qatar,171,11,7,8,8,6,12,10,10,11,7,8,14,12,13,13,12
Salah Zakaria M M HASSAN,Qatar,185,9,2,1,3,1,9,2,12,10,10,13,12,3,1,12,11
Meshaal Aissa M BARSHAM,Qatar,180,9,3,8,3,1,10,1,10,9,9,10,12,2,1,13,12
Assim Omer A MADIBO,Qatar,168,11,8,10,9,8,12,10,9,14,7,5,14,12,13,13,12
Tahsin Mohammad JAMSHID,Qatar,166,13,13,10,10,8,11,13,14,10,14,15,9,6,8,6,12
Alhashmi Alhussein A MOHIALDIN,Qatar,184,10,5,9,10,7,10,12,11,11,13,11,11,12,11,13,12
Mohamed Naceur MANAI,Qatar,189,13,10,12,12,8,13,10,13,12,13,12,10,10,11,13,12
Nawaf Dhahi F ALAQIDI,Saudi Arabia,186,9,2,8,2,2,10,2,12,10,11,14,11,1,2,13,12
Ali Hassan M MAJRASHI,Saudi Arabia,169,12,7,11,8,12,11,10,7,16,11,6,15,10,12,10,11
Ali Mohammed A LAJAMI,Saudi Arabia,177,11,6,10,8,7,11,14,12,13,12,10,13,13,14,13,11
Abdulelah Ali A ALAMRI,Saudi Arabia,185,11,6,9,7,7,12,14,13,12,13,12,11,13,14,12,12
Hassan Mohammed O ALTAMBAKTI,Saudi Arabia,182,12,7,10,7,7,12,14,13,12,13,13,11,14,15,14,13
Nasser Essa S ALDAWSARI,Saudi Arabia,178,13,9,11,11,11,13,8,10,12,12,9,12,11,12,11,12
Musab Fahad Z ALJUWAYR,Saudi Arabia,175,16,7,12,12,12,15,9,8,13,10,8,13,8,9,10,14
Aiman Yahya Y AHMED,Saudi Arabia,165,13,10,13,11,10,12,8,9,15,13,7,14,7,7,8,11
Feras Tariq N ALBRIKAN,Saudi Arabia,181,12,14,11,10,9,11,14,12,13,14,11,13,9,9,8,12
Salem Mohammed S ALDAWSARI,Saudi Arabia,172,17,14,17,13,13,14,7,10,15,11,7,16,5,6,7,15
Saleh Khalid M ALSHEHRI,Saudi Arabia,184,12,14,12,8,7,10,13,12,12,12,11,11,8,7,8,13
Saud Abdullah S ABDULHAMID,Saudi Arabia,171,12,7,13,11,14,13,10,10,15,15,7,12,9,12,10,12
Nawaf Meshari M BU WASHL,Saudi Arabia,173,12,7,12,8,11,12,9,8,15,12,7,14,9,9,8,12
Hassan Kadish Y MAHBUB,Saudi Arabia,179,11,5,8,4,11,11,14,12,11,10,11,13,14,14,14,12
Abdullah Mohammed H ALKHAIBARI,Saudi Arabia,175,12,6,10,10,6,13,9,11,14,9,8,14,12,13,14,12
Ziyad Mubarak E ALJOHANI,Saudi Arabia,180,12,7,10,9,10,12,10,9,14,12,9,12,11,12,11,12
Khalid Essa M ALGHANNAM,Saudi Arabia,171,13,9,14,9,10,12,6,7,15,11,7,14,5,6,7,11
Ala Mohsen A ALHAJJI,Saudi Arabia,178,14,7,11,10,10,13,11,11,13,9,8,13,8,10,12,12
Abdullah Abdulrahman A ALHAMDDAN,Saudi Arabia,184,12,13,12,8,9,12,13,13,13,13,14,11,9,7,8,12
Sultan Ahmed M MANDASH,Saudi Arabia,172,15,10,15,10,12,12,5,7,14,10,7,13,6,7,6,12
Mohammed Khalil I ALOWAIS,Saudi Arabia,187,9,3,1,2,3,10,2,11,9,8,11,11,1,3,13,12
Ahmed Ali H ALKASSAR,Saudi Arabia,179,8,3,2,1,2,13,2,10,9,6,9,13,2,1,13,12
Mohamed Ibrahim A KANNO,Saudi Arabia,191,14,9,11,13,8,14,12,14,10,14,15,10,10,13,14,14
Moteb Saad S ALHARBI,Saudi Arabia,172,12,7,12,9,12,13,8,8,15,14,9,13,10,12,10,11
Jehad Abdullatif A THIKRI,Saudi Arabia,183,10,6,9,6,7,11,14,12,13,13,12,11,13,15,13,12
Mohammed Waheeb S ABU ALSHAMAT,Saudi Arabia,170,12,7,12,9,11,12,9,5,16,11,5,15,9,11,10,12
Angus Fraser James GUNN,Scotland,196,12,2,3,3,2,11,4,10,9,7,14,12,2,1,13,13
Aaron Buchanan HICKEY,Scotland,185,13,9,14,13,13,12,11,11,14,14,11,11,12,12,13,13
Andrew Henry ROBERTSON,Scotland,178,14,2,12,5,16,14,10,12,16,15,9,14,14,15,13,14
Scott Francis MCTOMINAY,Scotland,193,13,16,13,14,11,15,18,18,13,14,17,18,11,14,12,15
Grant Campbell HANLEY,Scotland,187,9,6,7,6,5,10,16,15,12,12,14,10,14,15,12,12
Kieran TIERNEY,Scotland,178,13,8,13,10,15,12,12,11,14,14,9,14,13,15,13,13
John MCGINN,Scotland,178,14,14,14,13,12,14,13,15,14,14,9,14,10,12,13,14
Tyler Robert FLETCHER,Scotland,183,12,8,8,5,7,13,9,10,11,12,10,9,10,10,12,12
Lyndon John DYKES,Scotland,188,12,10,10,10,10,11,14,16,11,12,14,13,5,8,8,12
Che Sac Everton Fred ADAMS,Scotland,175,14,15,13,14,10,13,13,13,14,15,11,13,5,7,7,14
Ryan CHRISTIE,Scotland,178,15,10,14,12,12,14,5,12,13,13,9,13,7,13,11,15
Liam Patrick KELLY,Scotland,187,12,2,2,1,1,12,9,10,11,10,16,12,1,2,13,12
Jack William HENDRY,Scotland,195,10,5,10,7,4,10,14,15,10,14,16,9,14,13,14,13
Ross Cameron STEWART,Scotland,188,12,14,10,10,11,10,14,13,12,12,16,12,6,9,12,11
John Francis SOUTTAR,Scotland,186,13,8,12,9,10,12,16,14,12,13,14,12,13,13,12,14
Dominic John HYAM,Scotland,188,12,7,7,5,7,11,14,13,11,10,14,12,14,13,14,13
Ben Gannon DOAK,Scotland,173,14,11,17,8,13,13,5,10,16,14,6,14,7,6,5,11
George David Eric HIRST,Scotland,191,12,13,11,10,9,12,15,15,13,15,15,12,9,10,13,12
Lewis FERGUSON,Scotland,185,13,12,13,13,9,15,15,16,12,12,13,14,13,14,15,13
Lawrence SHANKLAND,Scotland,185,13,16,11,12,9,13,14,14,10,12,12,12,3,8,9,14
Craig Sinclair GORDON,Scotland,193,6,3,1,3,3,8,5,10,5,5,15,10,2,2,15,15
Nathan Kenneth PATTERSON,Scotland,183,11,11,12,11,14,11,8,12,15,15,11,11,10,13,11,11
Kenneth MCLEAN,Scotland,183,13,9,13,13,12,14,13,12,12,12,14,12,9,12,14,14
Anthony RALSTON,Scotland,183,10,10,11,7,11,12,13,16,12,12,10,15,12,12,12,11
Findlay Kenneth CURTIS,Scotland,180,14,14,9,13,12,11,8,4,12,10,13,14,7,5,5,14
Scott Fraser MCKENNA,Scotland,189,10,5,8,8,5,13,14,16,12,14,15,11,14,14,13,14
Yehvann Djibril Victor DIOUF,Senegal,188,10,1,3,3,2,8,12,13,11,13,14,12,4,10,13,12
Mamadou SARR,Senegal,194,10,6,9,5,6,11,14,15,13,14,14,7,12,13,11,12
Kalidou KOULIBALY,Senegal,186,11,9,10,6,6,13,18,18,9,13,17,10,16,17,16,14
Abdoulaye SECK,Senegal,192,9,9,9,8,9,9,13,17,13,13,16,13,12,14,10,12
Idrissa Gana GUEYE,Senegal,174,13,6,10,11,9,11,11,13,13,13,8,12,14,18,14,15
Ismaila Pathe CISS,Senegal,186,12,9,13,11,7,15,14,16,13,14,15,12,14,15,15,15
Assane DIAO,Senegal,185,13,15,14,10,10,12,11,12,17,15,13,14,4,8,6,9
Lamine CAMARA,Senegal,173,13,11,12,13,13,14,9,12,13,12,7,13,11,13,13,14
Cheikh Ahmadou Bamba Mbacke DIENG,Senegal,178,14,12,13,10,10,11,11,11,16,15,9,13,6,7,8,13
Sadio MANE,Senegal,175,17,13,17,12,11,13,12,10,15,12,8,15,7,8,7,15
Nicolas JACKSON,Senegal,187,14,13,15,12,9,12,13,14,16,16,14,14,8,9,8,15
Pape Cherif NDIAYE,Senegal,190,10,12,10,9,9,10,14,16,13,14,15,15,8,7,13,14
Iliman Cheikh Baroy NDIAYE,Senegal,180,15,15,17,12,11,12,12,12,14,14,8,13,5,10,8,11
Ismail Joshua JAKOBS,Senegal,184,11,8,9,8,10,9,9,13,14,17,13,11,13,13,13,10
Krepin DIATTA,Senegal,175,14,10,13,11,11,13,9,10,14,14,9,12,10,11,8,12
Edouard Osoque MENDY,Senegal,194,9,1,7,3,2,9,2,15,9,11,16,9,1,2,15,14
Pape Matar SARR,Senegal,185,14,9,13,10,7,14,10,15,14,13,12,15,12,13,14,16
Ismaila SARR,Senegal,185,9,12,14,12,11,12,9,13,15,17,14,14,6,7,7,13
Moussa NIAKHATE,Senegal,190,12,6,10,6,8,14,15,15,13,13,16,15,13,14,12,13
Ibrahim MBAYE,Senegal,185,11,9,11,7,9,11,12,12,13,13,12,12,12,12,12,13
Mouhamadou Habib Mbacke DIARRA,Senegal,179,14,9,13,14,10,14,9,15,13,15,10,14,12,12,12,13
Bara Sapoko NDIAYE,Senegal,180,14,12,14,12,10,12,10,13,14,11,11,15,7,12,9,13
Mory DIAW,Senegal,197,8,1,1,10,1,11,3,15,11,10,19,14,2,1,12,12
Antoine Alpha MENDY,Senegal,187,12,7,13,5,9,10,12,15,15,14,15,11,15,12,8,9
El Hadji Malick DIOUF,Senegal,183,13,11,13,9,16,13,12,14,16,15,12,13,13,14,11,14
Pape Alassane GUEYE,Senegal,189,13,7,11,14,8,14,10,15,15,15,10,14,14,16,15,15
Ronwen Hayden WILLIAMS,South Africa,184,12,3,8,5,4,16,5,11,8,11,12,8,8,9,14,11
Tholo Thabang MATULUDI,South Africa,189,9,8,11,10,10,8,13,9,14,13,10,8,12,14,13,12
Khulumani NDAMANE,South Africa,183,6,5,5,9,6,10,14,9,14,14,10,10,13,14,14,13
Teboho MOKOENA,South Africa,176,13,10,11,15,9,16,8,10,15,13,7,11,11,9,15,13
Thalente Wandile MBATHA,South Africa,179,10,11,11,12,9,13,10,13,13,13,12,8,9,8,8,12
Aubrey Maphosa MODIBA,South Africa,171,11,7,13,7,12,11,5,6,15,14,4,11,11,11,10,10
Oswin Reagan APPOLLIS,South Africa,171,12,11,16,11,11,13,6,3,16,13,5,14,7,7,12,11
Tshepang MOREMI,South Africa,169,13,13,13,9,11,13,9,7,16,14,11,8,7,8,6,11
Lyle Brent FOSTER,South Africa,185,13,12,13,11,7,11,12,15,14,13,14,13,6,6,6,13
Relebohile MOFOKENG,South Africa,166,13,9,14,9,12,9,5,5,16,14,3,12,7,4,6,7
Themba ZWANE,South Africa,179,13,11,17,14,13,15,7,10,15,14,5,12,9,10,8,11
Thapelo MASEKO,South Africa,178,12,8,14,10,8,10,7,6,18,16,5,10,7,10,8,11
Sphephelo S'miso SITHOLE,South Africa,186,10,8,11,9,8,12,8,12,11,12,15,12,11,14,13,14
Mbekezeli Mfanukile MBOKAZI,South Africa,177,10,9,13,13,6,16,14,15,11,11,12,8,12,13,14,12
Iqraam RAYNERS,South Africa,176,12,15,13,13,13,13,7,8,18,16,5,14,5,6,8,6
Sipho Justin CHAINE,South Africa,186,2,3,2,2,1,14,1,8,12,13,10,10,2,1,12,12
Sekotori Evidence MAKGOPA,South Africa,188,13,14,11,10,10,10,14,13,14,14,14,10,7,7,7,9
Samukele Alucious KABINI,South Africa,181,11,8,9,9,12,12,10,11,12,12,12,12,12,12,12,13
Nkosinathi Emmanuel SIBISI,South Africa,177,10,8,7,6,12,10,8,9,12,11,6,12,12,13,16,11
Khuliso Johnson MUDAU,South Africa,181,12,6,13,9,11,12,10,11,16,14,9,11,9,13,9,13
Ime Daniel OKON,South Africa,187,11,6,10,7,8,11,13,14,14,16,14,14,12,12,12,10
Stuart Ricardo GOSS,South Africa,181,6,1,1,3,1,13,1,8,10,12,11,10,1,3,13,10
Jayden Oswin ADAMS,South Africa,175,12,7,11,11,9,13,9,12,15,14,9,11,10,10,8,10
Olwethu Mpilwenhle MAKHANYA,South Africa,185,9,8,10,9,8,11,13,14,10,11,13,13,11,12,13,11
Kamogelo Michael SEBELEBELE,South Africa,166,10,9,11,13,9,13,6,6,16,14,3,11,7,7,7,7
Bradley Paul CROSS,South Africa,175,9,6,8,8,11,10,14,8,14,14,9,9,10,14,14,10
David RAYA MARTÍN,Spain,183,12,3,1,2,2,12,8,11,12,10,12,10,1,2,13,14
Marc PUBILL PAGES,Spain,190,12,8,11,10,12,12,11,15,14,16,15,12,12,13,12,13
Alejandro GRIMALDO GARCÍA,Spain,171,17,12,15,16,17,16,8,10,14,13,7,12,10,11,11,16
Eric GARCÍA MARTRET,Spain,180,14,8,12,8,10,15,13,14,13,14,13,12,14,14,15,14
Marcos LLORENTE MORENO,Spain,184,13,12,12,11,11,13,11,14,14,15,11,11,11,14,12,15
Mikel MERINO ZAZÓN,Spain,189,15,13,14,12,11,15,14,16,12,13,14,13,14,13,14,15
Ferran TORRES GARCÍA,Spain,182,15,14,14,13,13,13,14,12,15,16,12,14,6,8,7,14
Fabian RUIZ PEÑA,Spain,189,16,14,15,16,14,16,13,13,12,12,14,16,13,14,14,15
Pablo PAEZ GAVIRA,Spain,174,15,11,14,11,13,15,6,14,13,12,7,15,12,14,12,15
Daniel OLMO CARVAJAL,Spain,182,18,13,17,13,13,17,9,10,13,12,10,15,9,10,10,16
Yeremy Jesús PINO SANTOS,Spain,172,16,12,17,11,13,15,9,9,14,14,7,14,8,9,8,13
Pedro Antonio PORRO SAUCEDA,Spain,173,15,11,15,14,15,16,8,12,16,15,8,13,12,13,11,11
Joan GARCIA PONS,Spain,193,12,2,2,1,2,12,9,13,13,12,14,12,1,2,15,14
Aymeric LAPORTE FEVRE,Spain,191,15,8,11,9,9,15,17,16,10,13,15,10,14,14,16,14
Alejandro BAENA RODRÍGUEZ,Spain,174,16,14,14,13,14,17,10,11,13,13,7,13,8,9,10,12
Rodrigo HERNÁNDEZ CASCANTE,Spain,190,14,13,13,15,8,16,13,16,14,13,17,12,13,17,17,17
Nicholas WILLIAMS ARTHUER,Spain,181,17,13,15,11,14,15,12,14,15,15,10,11,9,8,14,14
Martin ZUBIMENDI IBAÑEZ,Spain,181,15,11,13,13,10,16,14,14,12,11,11,12,15,15,15,17
Lamine Yamal NASRAOUI EBANA,Spain,178,18,14,18,15,17,17,7,10,16,15,9,14,5,6,7,13
Pedro GONZÁLEZ LÓPEZ,Spain,174,18,12,17,12,15,18,6,10,14,13,8,13,9,11,12,16
Mikel OYARZABAL UGARTE,Spain,181,16,15,15,12,12,15,12,13,12,12,13,14,11,11,13,14
Pau CUBARSI I PAREDES,Spain,183,15,8,11,9,9,16,13,14,13,14,13,14,14,14,15,16
Unai SIMÓN MENDIBIL,Spain,190,14,3,1,3,2,12,13,13,14,14,15,7,2,1,15,13
Marc CUCURELLA SASETA,Spain,174,14,10,11,8,13,12,6,12,16,13,8,14,12,13,8,16
Victor MUÑOZ VILLANUEVA,Spain,173,12,13,14,6,13,11,7,9,16,15,7,12,4,6,6,11
Borja IGLESIAS QUINTÁS,Spain,187,13,14,13,10,9,13,14,16,12,13,14,13,8,9,8,15
Jacob Mikael WIDELL ZETTERSTRÖM,Sweden,197,7,2,4,1,4,8,6,15,10,12,18,8,3,3,11,12
Gustaf Johan LAGERBIELKE,Sweden,193,12,8,9,8,9,12,14,14,10,12,17,11,15,14,13,10
Victor Jörgen NILSSON LINDELÖF,Sweden,187,14,7,12,4,10,13,13,12,13,13,14,13,15,14,15,14
Isak Malcolm Kwaku HIEN,Sweden,191,10,7,10,7,8,11,15,17,14,15,17,14,17,16,13,14
Gabriel Johan GUDMUNDSSON,Sweden,181,13,10,15,12,13,13,9,9,16,15,10,11,8,10,10,11
Herman Nils JOHANSSON,Sweden,190,11,9,11,8,13,12,12,13,12,13,15,14,13,12,13,12
Lucas Erik Holger BERGVALL,Sweden,187,17,8,14,9,8,18,10,15,16,13,11,7,10,7,7,11
Daniel Jonathan SVENSSON,Sweden,183,13,8,12,10,13,13,11,12,13,13,11,12,12,12,12,12
Alexander ISAK,Sweden,190,17,18,18,10,9,13,12,12,17,16,14,15,5,6,6,15
Erik Benjamin NYGREN,Sweden,187,14,13,14,12,13,13,10,9,13,12,11,14,6,6,10,14
Anthony David Junior ELANGA,Sweden,178,14,13,14,11,10,11,7,13,18,18,10,11,1,6,10,11
Tobias Viktor JOHANSSON,Sweden,187,9,1,3,1,3,11,8,12,11,11,13,12,1,1,12,12
Ken SEMA,Sweden,180,11,9,12,11,13,10,9,14,13,12,8,13,10,11,11,12
Hjalmar EKDAL,Sweden,187,13,6,11,7,11,13,13,13,12,13,14,12,12,14,13,14
Carl Anders Theodor STARFELT,Sweden,185,13,5,12,6,10,14,15,13,12,13,13,12,15,13,16,16
Jesper Kewe KARLSTRÖM,Sweden,182,13,8,10,10,10,14,10,15,12,12,11,13,11,15,13,13
Viktor Einar GYÖKERES,Sweden,189,13,17,14,12,10,13,13,18,15,16,14,17,6,8,9,14
Yasin AYARI,Sweden,172,14,12,13,13,12,14,8,11,15,13,8,12,9,14,12,13
Mattias Olof SVANBERG,Sweden,186,14,11,12,14,12,13,11,12,13,15,11,14,11,12,12,12
Eric Anders SMITH,Sweden,192,13,6,11,13,11,16,12,14,12,14,14,15,12,12,13,16
Alexander Olof BERNHARDSSON,Sweden,184,13,12,13,12,11,12,11,11,13,15,11,12,9,11,9,13
Besfort ZENELI,Sweden,187,13,10,13,12,13,13,8,9,13,13,14,11,9,9,11,13
Bo Kristoffer NORDFELDT,Sweden,190,8,2,3,3,9,9,6,13,7,8,13,13,1,3,14,14
Elliot Karl STROUD,Sweden,185,12,12,12,13,12,12,9,11,13,15,10,12,9,11,10,12
Håkan Gustaf NILSSON,Sweden,197,10,14,12,12,9,9,15,13,10,10,17,14,10,7,10,13
Taha Abdi ALI,Sweden,174,15,8,16,8,10,11,5,5,16,14,7,9,7,9,8,10
Gregor KOBEL,Switzerland,195,9,5,7,6,2,10,7,16,9,11,17,12,3,6,16,14
Miro Max Maria MUHEIM,Switzerland,182,13,8,12,16,15,13,12,12,13,13,12,12,12,13,12,12
Silvan Dominic WIDMER,Switzerland,183,12,8,11,9,12,11,13,12,13,15,12,13,12,13,12,13
Nico ELVEDI,Switzerland,187,12,6,8,6,8,14,14,13,13,14,15,15,14,13,14,13
Manuel Obafemi AKANJI,Switzerland,188,12,7,11,11,8,14,14,17,14,15,15,13,14,15,14,14
Denis Lemi ZAKARIA LAKO LADO,Switzerland,191,14,10,14,11,8,14,12,16,15,13,15,16,13,16,14,15
Breel Donald EMBOLO,Switzerland,187,14,12,13,11,8,14,14,17,14,14,15,16,7,8,7,13
Remo Marco FREULER,Switzerland,181,13,10,13,10,13,15,8,12,12,12,9,14,11,14,15,16
Johan Kula MANZAMBI,Switzerland,182,15,10,15,12,10,13,13,13,13,13,13,13,9,12,10,12
Granit XHAKA,Switzerland,186,17,11,12,17,12,18,12,14,10,12,12,16,12,13,14,16
Dan NDOYE,Switzerland,183,14,11,15,10,11,13,6,11,17,17,11,13,3,10,10,14
Yvon Landry MVOGO NGANOMA,Switzerland,187,10,3,3,3,1,8,7,15,14,13,15,13,1,1,8,15
Ricardo Ivan RODRIGUEZ ARAYA,Switzerland,182,13,8,10,12,14,13,14,12,12,11,12,14,13,14,14,15
Ardon JASHARI,Switzerland,181,13,12,14,12,14,14,5,16,13,13,10,16,9,10,12,13
Mohameth Djibril Ibrahima SOW,Switzerland,184,14,8,12,12,9,14,9,12,13,15,11,15,12,12,12,13
Christian Andreas FASSNACHT,Switzerland,185,14,12,13,10,11,13,13,10,13,13,13,12,7,10,6,15
Ruben Estephan VARGAS MARTINEZ,Switzerland,177,14,11,14,11,13,13,8,9,15,16,8,12,8,9,8,12
Eray Ervin CÖMERT,Switzerland,183,13,6,11,13,7,13,13,13,11,12,12,13,14,14,12,14
Noah Arinzechukwu OKAFOR,Switzerland,185,14,14,14,12,11,12,9,13,15,15,12,13,5,7,6,14
Michel AEBISCHER,Switzerland,183,14,10,12,11,11,15,8,12,12,13,9,13,8,11,12,16
Marvin KELLER,Switzerland,190,8,1,1,2,2,12,8,12,8,8,15,13,2,1,13,14
Fabian RIEDER,Switzerland,181,13,10,13,14,13,13,7,10,14,14,8,12,9,11,9,12
Mohamed Zeki AMDOUNI,Switzerland,185,15,12,14,12,8,12,12,12,12,13,14,14,5,6,6,13
Aurèle Florian AMENDA,Switzerland,197,11,6,8,6,6,12,14,16,12,14,17,16,13,14,13,12
Luca Antony JAQUEZ,Switzerland,187,12,6,11,6,7,12,14,14,14,16,15,13,14,13,12,13
Cedric Jan ITTEN,Switzerland,189,12,13,11,12,8,11,15,16,11,12,16,16,7,8,8,13
Abdelmouhib CHAMAKH,Tunisia,192,7,3,1,3,2,8,5,12,10,9,14,10,1,2,13,13
Ali ELABDI,Tunisia,177,12,14,11,12,14,13,10,13,13,13,13,12,12,14,13,13
Montassar Omar TALBI,Tunisia,190,12,8,11,8,8,13,14,13,12,13,15,15,13,14,15,14
Omar REKIK,Tunisia,188,12,7,10,10,9,12,12,12,10,12,13,12,11,12,11,12
Adam AROUS,Tunisia,188,11,6,9,5,7,12,12,13,11,12,14,12,11,12,11,13
Dylan Daniel Mahmoud BRONN,Tunisia,186,11,8,10,6,8,13,14,14,12,12,13,13,13,14,13,12
Mohamed Elyes ACHOURI,Tunisia,177,15,9,15,7,13,13,5,7,15,16,9,14,5,5,6,13
Elias SAAD,Tunisia,185,16,11,16,10,9,12,6,7,15,13,9,12,7,10,8,12
Hazem MASTOURI,Tunisia,191,11,12,9,12,7,8,14,13,11,13,14,13,6,8,7,14
Hannibal MEJBRI,Tunisia,184,15,10,14,10,11,13,6,11,13,14,11,13,5,9,7,13
Ismael Seifallah GHARBI,Tunisia,173,16,10,15,13,11,14,7,8,13,12,7,12,7,9,8,11
Ahmed Mortadha BEN OUANES,Tunisia,182,12,11,12,12,12,12,10,12,11,11,12,12,9,10,12,13
Rani KHEDIRA,Tunisia,189,11,6,8,8,8,12,12,15,10,12,14,16,14,16,16,16
Khalil AYARI,Tunisia,178,14,7,13,12,11,10,5,7,14,14,6,10,3,4,4,11
Mohamed BELHADJ MAHMOUD,Tunisia,179,12,9,11,10,8,12,10,12,12,13,12,12,12,14,12,14
Aymen DAHMEN,Tunisia,188,7,2,2,2,3,7,1,11,11,11,14,8,3,1,14,14
Ellyes Joris SKHIRI,Tunisia,185,12,11,11,12,8,13,13,12,12,12,13,16,13,16,13,16
Rayan ELLOUMI,Tunisia,183,12,12,10,5,6,10,14,11,13,12,10,14,6,6,4,12
Firas CHAOUAT,Tunisia,185,12,13,11,10,9,11,12,15,13,13,13,13,5,7,6,12
Yan VALERY,Tunisia,185,12,7,11,7,11,12,12,12,14,14,13,12,12,11,12,13
Mohamed Amine BEN HMIDA,Tunisia,181,9,7,10,5,9,10,10,13,14,14,12,12,10,13,11,11
Sabri BEN HSAN,Tunisia,189,7,3,2,2,3,7,6,11,11,10,12,10,2,1,12,11
Moutaz NEFFATI,Tunisia,182,12,7,12,8,13,11,9,13,12,12,11,13,10,11,10,11
Raed CHIKHAOUI,Tunisia,191,12,10,8,10,9,11,10,11,12,14,12,12,9,12,11,12
Anis BEN SLIMANE,Tunisia,188,13,9,13,11,9,14,11,13,11,10,14,13,11,12,12,12
Sebastian TOUNEKTI,Tunisia,183,15,11,17,10,12,12,9,8,14,12,11,13,3,5,10,11
Fehmi Mert GÜNOK,Türkiye,196,12,2,1,2,1,13,3,15,5,9,16,9,1,3,16,16
Mehmet Zeki ÇELIK,Türkiye,180,12,7,11,9,12,12,12,13,14,14,12,12,13,14,14,14
Merih DEMİRAL,Türkiye,190,9,7,7,6,6,11,17,16,10,14,16,9,16,17,14,15
Çağlar SÖYÜNCÜ,Türkiye,185,11,8,11,7,7,11,15,15,9,10,15,10,15,14,14,15
Salih ÖZCAN,Türkiye,182,13,8,12,9,11,13,13,13,12,13,12,14,13,14,13,15
Orkun KÖKÇÜ,Türkiye,175,16,14,13,16,14,17,7,12,12,13,9,16,6,8,11,9
Muhammed Kerem AKTÜRKOĞLU,Türkiye,173,14,14,13,12,13,10,6,8,16,12,7,14,3,3,7,15
Arda GÜLER,Türkiye,175,18,14,14,16,15,16,11,11,14,12,6,13,7,7,7,14
Deniz Daniel GÜL,Türkiye,192,13,12,13,12,6,12,11,13,14,13,16,14,4,6,7,11
Hakan ÇALHANOĞLU,Türkiye,178,16,13,11,17,17,19,6,9,12,12,7,12,10,13,12,16
Kenan YILDIZ,Türkiye,187,17,14,17,15,12,15,7,12,15,14,11,13,5,7,9,12
Altay BAYINDIR,Türkiye,198,10,2,1,3,2,12,8,16,13,12,17,14,2,1,14,15
Evren Eren ELMALI,Türkiye,180,12,7,11,8,13,11,10,13,14,16,12,13,13,13,12,12
Abdülkerİm BARDAKCI,Türkiye,185,13,8,12,10,14,14,15,17,8,12,13,12,14,14,15,13
Ozan Muhammed KABAK,Türkiye,187,12,7,12,7,6,12,16,15,11,13,16,13,14,15,14,13
İsmaİl YÜKSEK,Türkiye,183,12,9,12,11,9,12,10,11,13,9,12,12,13,15,12,15
İrfan KAHVECİ,Türkiye,176,17,12,13,15,14,15,11,12,12,9,10,14,8,7,7,14
Mert MÜLDÜR,Türkiye,188,12,8,11,10,11,12,12,12,12,14,12,10,13,13,12,12
Yunus AKGÜN,Türkiye,173,16,13,16,13,11,13,8,7,16,14,6,15,4,4,6,10
Ferdi Erenay KADIOĞLU,Türkiye,178,14,8,14,11,13,13,5,10,15,14,7,11,9,12,9,12
Barış Alper YILMAZ,Türkiye,186,13,12,14,12,8,9,12,15,14,16,13,14,8,7,7,11
Kaan AYHAN,Türkiye,185,14,7,8,10,10,14,15,15,8,9,12,12,14,13,15,14
Uğurcan ÇAKIR,Türkiye,191,10,2,3,1,2,12,8,13,8,6,14,13,3,2,14,15
Oğuz AYDIN,Türkiye,178,13,13,14,12,14,12,6,12,16,14,11,13,7,6,7,11
Samet AKAYDIN,Türkiye,190,5,5,8,4,5,12,14,16,10,11,16,10,16,14,13,12
Can Yılmaz UZUN,Türkiye,186,17,15,16,16,12,14,10,8,12,10,10,12,7,8,7,13
Sergio Ramón ROCHET ALVAREZ,Uruguay,189,10,2,1,1,3,12,2,13,12,13,15,13,2,1,13,12
José María GIMÉNEZ DE VARGAS,Uruguay,185,12,7,11,8,10,11,16,15,12,12,13,13,16,16,15,15
Sebastián Enzo CÁCERES RAMOS,Uruguay,180,10,8,10,6,6,11,15,14,14,14,14,14,15,15,15,13
Ronald Federico ARAÚJO DA SILVA,Uruguay,191,12,11,10,10,7,11,16,18,14,16,16,12,16,17,13,13
Manuel UGARTE RIBEIRO,Uruguay,182,12,8,11,10,8,13,10,14,13,13,11,16,14,18,15,16
Rodrigo BENTANCUR COLMÁN,Uruguay,187,14,10,14,11,10,15,12,14,12,13,13,15,14,15,15,14
Diego Nicolás DE LA CRUZ ARCOSA,Uruguay,167,15,12,15,15,12,15,5,5,14,13,7,11,5,9,10,13
Federico Santiago VALVERDE DIPETTA,Uruguay,182,14,13,12,17,12,15,12,14,17,17,12,15,13,15,13,15
Darwin Gabriel NUÑEZ RIBEIRO,Uruguay,185,15,14,13,13,13,11,12,14,17,17,14,13,6,9,7,13
Giorgian Daniel DE ARRASCAETA BENEDETTI,Uruguay,174,17,13,16,12,13,17,12,10,15,13,12,12,4,7,6,16
Facundo PELLISTRI REBOLLO,Uruguay,175,13,9,13,7,11,12,4,7,17,14,7,13,6,7,8,11
Santiago Andres MELE CASTAÑERO,Uruguay,185,11,2,3,2,2,11,9,12,11,11,13,13,1,3,14,12
Guillermo VARELA OLIVERA,Uruguay,173,13,4,12,7,10,12,8,9,13,13,8,13,12,13,15,14
Agustin CANOBBIO,Uruguay,175,13,12,13,12,12,12,9,8,14,13,8,13,11,9,12,12
Emiliano MARTÍNEZ TORANZA,Uruguay,184,14,8,12,8,7,12,11,13,12,13,12,14,14,14,14,13
Mathías OLIVERA MIRAMONTES,Uruguay,184,12,9,12,10,13,13,15,15,14,14,13,14,13,16,14,15
Matías Nicolas VIÑA SUSPERREGUY,Uruguay,175,13,9,13,11,12,13,11,12,15,15,11,12,8,14,11,11
Paul Brian RODRÍGUEZ BRAVO,Uruguay,174,14,10,15,11,13,13,7,7,16,13,8,11,5,5,7,13
Rodrigo Sebastian AGUIRRE SOTO,Uruguay,186,13,13,13,12,11,12,15,13,13,13,14,14,10,6,9,12
Maximiliano Javier ARAÚJO VILCHES,Uruguay,176,13,12,15,14,14,14,5,12,15,14,8,13,12,14,11,12
Federico Sebastian VIÑAS BARBOZA,Uruguay,181,13,14,11,13,10,14,15,11,13,12,13,15,6,7,9,14
Joaquin PIQUEREZ MOREIRA,Uruguay,185,13,10,12,13,14,12,12,14,12,13,12,14,14,13,14,13
Nestor Fernando MUSLERA MICOL,Uruguay,190,8,3,9,1,1,12,8,12,7,4,15,8,2,3,18,17
Santiago Ignacio BUENO SCIUTTO,Uruguay,190,10,7,8,9,9,12,14,13,12,13,14,12,14,14,14,14
Juan Manuel SANABRIA MAGOLÉ,Uruguay,172,14,9,11,12,13,13,9,12,13,11,8,10,12,11,12,12
Radrigo ZALAZAR MARTINEZ,Uruguay,178,15,13,16,14,14,14,11,12,13,14,9,16,9,15,11,12
Matthew Charles TURNER,USA,191,7,1,7,2,2,8,2,14,11,10,15,6,1,1,14,11
Sergiño Gianni DEST,USA,171,14,7,14,9,13,13,7,7,17,14,7,12,12,11,11,12
Christopher Jeffrey RICHARDS,USA,188,12,6,10,6,9,11,15,15,14,15,15,13,13,14,14,13
Tyler Shaan ADAMS,USA,175,12,6,11,8,10,14,8,14,14,13,10,14,14,16,16,15
Antonee ROBINSON,USA,183,13,7,14,7,14,13,11,14,17,17,13,13,12,15,14,15
Auston Levi-Jesaiah TRUSTY,USA,190,11,5,9,6,7,11,13,14,13,14,15,11,14,14,13,13
Giovanni Alejandro REYNA,USA,185,16,12,15,13,11,13,7,10,14,13,11,12,7,8,7,13
Weston James Earl MC KENNIE,USA,180,12,12,12,10,12,14,16,15,13,12,14,16,13,14,14,14
Ricardo Daniel PEPI,USA,185,14,15,12,11,9,10,15,11,13,14,14,15,5,5,6,14
Christian Mate PULISIC,USA,178,15,15,16,15,14,15,5,11,15,14,8,14,4,7,7,15
Brenden Russell AARONSON,USA,177,14,11,13,9,10,12,8,5,15,14,8,10,9,13,9,12
Miles Gordon ROBINSON,USA,187,11,6,11,8,4,13,13,14,15,17,14,15,15,15,13,13
Timothy Michael REAM,USA,183,13,6,11,7,9,13,14,13,9,10,13,14,13,15,15,14
Sebastian Matthew BERHALTER,USA,175,12,10,11,12,13,14,8,10,12,12,8,13,8,12,11,13
Cristian ROLDAN,USA,172,14,12,14,10,13,14,8,10,12,12,8,14,11,11,12,10
Alexander Michael FREEMAN,USA,188,10,10,13,9,12,11,12,13,14,15,13,11,10,12,10,12
Malik Leon TILLMAN,USA,187,15,12,15,15,11,14,13,12,13,15,13,13,8,9,7,14
Maximilian Michael ARFSTEN,USA,185,11,11,13,9,13,11,9,11,12,13,11,12,10,11,12,12
Haji Amir WRIGHT,USA,193,12,15,13,10,10,10,13,13,14,15,15,13,4,5,6,13
Folarin Jolaoluwa BALOGUN,USA,178,13,15,13,10,9,11,12,12,16,15,12,13,6,5,8,12
Timothy Tarpeh WEAH,USA,182,12,13,13,13,11,12,12,11,16,15,12,13,9,10,10,11
Mark Alexander MCKENZIE,USA,184,10,6,8,6,8,10,14,14,14,14,14,13,14,13,13,13
Joseph Michael SCALLY,USA,184,12,6,12,7,12,12,11,11,14,15,11,12,12,12,12,11
Matthew Andrew Geary FREESE,USA,191,8,2,3,3,1,10,1,13,14,16,16,12,2,5,12,14
Christopher Keith BRADY,USA,191,10,3,2,1,2,8,1,9,14,14,14,5,2,3,15,9
Alejandro ZENDEJAS SAAVEDRA,USA,167,14,13,15,12,14,15,7,7,14,13,6,11,9,8,11,12
Utkir YUSUPOV,Uzbekistan,185,8,1,3,2,3,8,7,11,9,8,13,11,3,2,12,15
Abdukodir KHUSANOV,Uzbekistan,186,12,7,8,8,7,13,12,15,17,16,14,14,13,15,14,13
Khojiakbar ALIJONOV,Uzbekistan,180,9,6,13,11,12,12,11,10,13,13,10,11,12,14,11,12
Farrukh SAYFIEV,Uzbekistan,180,10,7,8,8,12,11,13,9,13,12,13,10,11,11,12,12
Rustamjon ASHURMATOV,Uzbekistan,186,9,8,8,10,7,12,13,13,9,11,13,13,14,13,13,12
Akmal MOZGOVOY,Uzbekistan,180,14,10,14,10,10,13,12,10,12,10,13,13,8,10,10,13
Otabek SHUKUROV,Uzbekistan,182,14,10,11,13,9,13,7,13,11,10,10,12,9,10,10,11
Jamshid ISKANDEROV,Uzbekistan,168,13,11,12,12,12,14,10,10,11,12,11,12,8,8,10,13
Odiljon XAMROBEKOV,Uzbekistan,178,12,8,9,12,9,12,11,13,11,12,11,10,14,15,14,11
Ruslanbek JIYANOV,Uzbekistan,170,13,13,14,12,10,12,10,8,14,13,12,12,6,6,6,11
Oston URUNOV,Uzbekistan,181,15,12,14,11,11,12,11,13,15,14,10,14,9,9,9,12
Abduvakhid NEMATOV,Uzbekistan,183,11,9,2,1,1,7,6,10,10,10,14,13,3,3,12,16
Sherzod NASRULLAEV,Uzbekistan,180,12,7,12,9,13,10,13,12,13,12,14,10,12,13,11,13
Eldor SHOMURODOV,Uzbekistan,190,14,13,14,9,9,14,13,13,13,13,12,14,5,8,8,12
Umarbek ESHMURODOV,Uzbekistan,185,9,5,6,7,6,9,14,13,10,11,14,10,14,15,14,12
Botirali ERGASHEV,Uzbekistan,187,8,2,3,2,1,6,1,7,11,11,15,9,2,1,13,11
Dostonbek KHAMDAMOV,Uzbekistan,178,15,11,12,9,12,12,11,8,12,13,12,11,8,9,8,10
Abdulla ABDULLAEV,Uzbekistan,183,11,6,11,7,5,11,11,13,11,10,11,13,13,14,13,12
Azizjon GANIEV,Uzbekistan,178,14,9,11,10,12,13,10,7,13,8,6,15,8,9,10,12
Azizbek AMONOV,Uzbekistan,174,13,14,11,11,7,11,12,13,10,11,11,12,7,11,8,13
Igor SERGEEV,Uzbekistan,185,13,14,11,11,7,9,15,13,9,10,17,12,6,6,8,15
Abbosbek FAYZULLAEV,Uzbekistan,167,15,11,14,12,12,13,6,3,13,13,5,11,6,9,10,13
Sherzod ESANOV,Uzbekistan,190,12,7,12,9,13,10,13,12,13,12,14,10,12,13,11,13
Behruzjon KARIMOV,Uzbekistan,180,6,5,8,3,9,9,9,7,10,11,5,9,9,12,7,9
Avazbek ULMASALIYEV,Uzbekistan,185,11,6,8,6,5,11,11,12,11,11,13,12,13,12,12,11
Jakhongir UROZOV,Uzbekistan,190,10,6,9,7,5,12,12,14,12,12,13,11,13,12,12,11
